post_id,group_id
1,[142]
10,[70]
15,[75]
17,[75]
19,[254]
20,[480]
22,[369]
27,[376]
31,[188]
32,[84]
34,[359]
40,[311]
42,[57]
43,[479]
44,[376]
47,[495]
51,[94]
52,[142]
53,[424]
56,[382]
61,[289]
75,[57]
80,[411]
86,[51]
92,[416]
95,[480]
101,[424]
102,[137]
104,[424]
105,[131]
106,[34]
107,[9]
109,[360]
111,[455]
112,[65]
116,[329]
117,[360]
119,[202]
120,[137]
124,[293]
125,[131]
133,[454]
135,[470]
138,[411]
139,[35]
147,[131]
148,[202]
169,[202]
173,[439]
179,[95]
181,[34]
183,[360]
193,[65]
196,[410]
198,[85]
206,[366]
207,[401]
212,[59]
213,[177]
214,[500]
216,[175]
218,[51]
221,[65]
222,[152]
227,[7]
228,[131]
239,[167]
243,[328]
259,[180]
261,[394]
264,[369]
268,[94]
273,[84]
274,[34]
276,[329]
280,[219]
283,[1]
289,[438]
296,[419]
298,[470]
301,[419]
307,[247]
308,[181]
310,[340]
311,[94]
317,[75]
329,[120]
331,[369]
335,[37]
337,[96]
341,[468]
345,[142]
349,[180]
355,[417]
358,[57]
359,[110]
362,[317]
368,[155]
373,[369]
377,[115]
381,[177]
386,[131]
391,[359]
397,[175]
402,[370]
405,[110]
408,[419]
411,[192]
412,[279]
415,[51]
420,[400]
422,[382]
423,[186]
424,[116]
425,[273]
426,[80]
434,[37]
439,[228]
442,[1]
444,[121]
455,[136]
456,[55]
464,[115]
468,[391]
469,[37]
477,[480]
483,[424]
488,[7]
491,[331]
492,[9]
503,[369]
510,[70]
516,[244]
518,[57]
519,[424]
520,[199]
521,[334]
522,[365]
533,[419]
534,[137]
539,[316]
557,[136]
559,[65]
562,[369]
567,[343]
568,[317]
570,[274]
574,[56]
576,[182]
581,[37]
587,[177]
589,[411]
590,[186]
597,[442]
600,[409]
605,[480]
606,[34]
608,[424]
614,[377]
616,[317]
628,[57]
632,[60]
636,[192]
645,[489]
651,[438]
652,[289]
656,[333]
659,[479]
664,[75]
665,[195]
667,[328]
678,[57]
679,[193]
680,[228]
687,[193]
693,[287]
697,[70]
703,[79]
708,[442]
710,[329]
713,[369]
714,[401]
717,[409]
718,[273]
722,[289]
725,[120]
726,[470]
733,[83]
736,[470]
738,[442]
739,[128]
744,[364]
747,[173]
748,[136]
749,[444]
752,[310]
756,[57]
757,[154]
760,[369]
762,[9]
764,[442]
767,[180]
768,[136]
773,[154]
774,[37]
775,[495]
776,[122]
780,[35]
782,[455]
787,[442]
789,[202]
793,[35]
794,[480]
796,[442]
802,[180]
803,[122]
808,[189]
811,[146]
817,[424]
823,[75]
825,[153]
826,[239]
827,[177]
830,[431]
836,[416]
838,[136]
839,[360]
841,[289]
846,[9]
847,[254]
850,[438]
853,[342]
855,[60]
856,[277]
859,[136]
860,[120]
863,[341]
864,[490]
866,[116]
869,[469]
870,[397]
873,[419]
874,[424]
875,[136]
876,[156]
879,[454]
882,[243]
883,[400]
886,[128]
888,[387]
890,[13]
898,[310]
907,[371]
911,[199]
915,[448]
925,[239]
929,[259]
932,[404]
934,[481]
937,[94]
938,[438]
943,[20]
945,[56]
962,[371]
963,[94]
965,[76]
967,[193]
972,[376]
973,[371]
981,[7]
983,[379]
984,[202]
985,[369]
986,[275]
992,[245]
994,[365]
996,[311]
998,[128]
1009,[496]
1014,[431]
1024,[57]
1026,[245]
1028,[137]
1031,[9]
1043,[177]
1049,[460]
1050,[315]
1053,[390]
1056,[369]
1057,[180]
1058,[186]
1066,[419]
1068,[94]
1073,[116]
1078,[400]
1079,[57]
1082,[476]
1092,[424]
1093,[37]
1098,[388]
1099,[122]
1103,[145]
1107,[442]
1109,[424]
1113,[448]
1116,[422]
1122,[376]
1127,[495]
1130,[369]
1131,[202]
1132,[476]
1133,[369]
1139,[260]
1140,[75]
1146,[211]
1148,[460]
1157,[216]
1161,[162]
1166,[311]
1168,[64]
1170,[94]
1173,[35]
1176,[442]
1179,[13]
1181,[80]
1184,[80]
1185,[126]
1187,[290]
1192,[175]
1195,[286]
1199,[401]
1200,[15]
1201,[411]
1203,[186]
1207,[494]
1209,[118]
1213,[272]
1218,[177]
1219,[188]
1220,[342]
1221,[410]
1222,[267]
1226,[407]
1227,[57]
1229,[407]
1235,[80]
1241,[424]
1247,[242]
1250,[84]
1255,[121]
1256,[156]
1259,[186]
1264,[410]
1267,[260]
1268,[364]
1269,[96]
1272,[216]
1276,[424]
1279,[61]
1283,[57]
1290,[442]
1293,[424]
1311,[470]
1312,[96]
1314,[382]
1325,[458]
1338,[438]
1347,[237]
1349,[221]
1350,[287]
1353,[158]
1354,[351]
1355,[6]
1363,[110]
1367,[401]
1372,[448]
1380,[317]
1385,[232]
1388,[458]
1390,[327]
1392,[309]
1401,[228]
1402,[37]
1405,[7]
1406,[202]
1413,[460]
1416,[91]
1417,[419]
1428,[328]
1431,[116]
1433,[438]
1438,[472]
1444,[96]
1448,[145]
1450,[460]
1454,[206]
1459,[33]
1464,[83]
1475,[145]
1476,[382]
1481,[129]
1486,[177]
1489,[394]
1492,[411]
1498,[122]
1506,[7]
1515,[128]
1516,[154]
1523,[310]
1528,[339]
1537,[360]
1545,[409]
1549,[77]
1553,[221]
1562,[96]
1564,[340]
1565,[339]
1574,[248]
1575,[201]
1580,[75]
1583,[365]
1584,[376]
1585,[290]
1587,[371]
1590,[73]
1596,[206]
1600,[96]
1614,[116]
1621,[416]
1622,[59]
1624,[66]
1630,[455]
1631,[152]
1633,[51]
1642,[152]
1645,[339]
1646,[61]
1648,[7]
1649,[397]
1659,[7]
1661,[391]
1672,[455]
1677,[114]
1678,[455]
1679,[121]
1681,[315]
1683,[369]
1684,[144]
1689,[276]
1690,[120]
1692,[44]
1694,[247]
1700,[100]
1703,[359]
1717,[441]
1718,[95]
1723,[79]
1725,[152]
1732,[221]
1737,[342]
1739,[37]
1741,[130]
1744,[189]
1750,[144]
1752,[79]
1754,[37]
1758,[158]
1763,[216]
1775,[315]
1778,[61]
1780,[100]
1783,[7]
1784,[28]
1792,[61]
1793,[121]
1794,[410]
1797,[469]
1798,[417]
1799,[247]
1800,[80]
1803,[289]
1806,[419]
1807,[247]
1808,[481]
1811,[115]
1820,[142]
1830,[80]
1835,[126]
1836,[245]
1840,[247]
1841,[407]
1844,[377]
1848,[382]
1851,[59]
1853,[261]
1854,[424]
1864,[228]
1870,[37]
1880,[6]
1882,[182]
1884,[211]
1896,[457]
1900,[429]
1901,[152]
1902,[177]
1906,[7]
1907,[37]
1909,[128]
1915,[286]
1920,[286]
1924,[61]
1928,[210]
1942,[416]
1949,[342]
1950,[142]
1951,[152]
1952,[498]
1954,[263]
1973,[281]
1974,[122]
1982,[364]
1985,[402]
1986,[128]
1988,[35]
1989,[360]
1991,[91]
1994,[376]
1995,[190]
1999,[275]
2002,[7]
2003,[376]
2004,[182]
2011,[293]
2015,[96]
2017,[442]
2025,[160]
2027,[422]
2037,[152]
2039,[57]
2044,[37]
2050,[468]
2052,[190]
2055,[328]
2058,[431]
2059,[468]
2061,[351]
2064,[369]
2068,[110]
2073,[10]
2074,[487]
2076,[316]
2077,[315]
2080,[334]
2083,[59]
2085,[455]
2087,[228]
2091,[460]
2093,[1]
2095,[439]
2096,[308]
2099,[495]
2100,[438]
2101,[186]
2102,[364]
2103,[110]
2104,[369]
2106,[342]
2112,[326]
2113,[438]
2117,[454]
2120,[364]
2123,[79]
2124,[60]
2125,[248]
2132,[87]
2135,[80]
2142,[455]
2143,[142]
2145,[424]
2150,[406]
2157,[290]
2158,[328]
2161,[38]
2162,[340]
2165,[481]
2168,[12]
2172,[96]
2179,[113]
2180,[338]
2182,[340]
2184,[49]
2185,[128]
2186,[159]
2189,[195]
2190,[214]
2191,[333]
2200,[394]
2202,[51]
2205,[180]
2206,[376]
2208,[419]
2209,[37]
2213,[276]
2215,[1]
2227,[195]
2232,[455]
2236,[7]
2242,[293]
2246,[121]
2249,[96]
2256,[343]
2260,[64]
2265,[155]
2278,[401]
2281,[200]
2286,[118]
2288,[245]
2289,[186]
2292,[365]
2294,[54]
2299,[361]
2300,[152]
2306,[94]
2307,[360]
2317,[79]
2318,[329]
2319,[410]
2322,[371]
2325,[59]
2328,[145]
2338,[407]
2341,[145]
2346,[500]
2348,[122]
2349,[391]
2353,[272]
2359,[158]
2361,[317]
2363,[339]
2367,[177]
2369,[273]
2370,[186]
2371,[228]
2381,[120]
2383,[342]
2394,[455]
2415,[479]
2420,[326]
2427,[51]
2430,[469]
2434,[410]
2438,[416]
2440,[55]
2450,[297]
2452,[478]
2455,[116]
2462,[328]
2463,[34]
2464,[287]
2467,[287]
2488,[206]
2496,[416]
2513,[244]
2518,[333]
2524,[96]
2527,[34]
2528,[276]
2530,[289]
2535,[382]
2538,[455]
2544,[202]
2551,[137]
2552,[486]
2556,[61]
2563,[152]
2565,[276]
2570,[290]
2573,[122]
2577,[180]
2582,[371]
2587,[128]
2589,[417]
2595,[142]
2598,[96]
2599,[272]
2601,[360]
2611,[110]
2621,[84]
2623,[199]
2630,[44]
2632,[442]
2635,[407]
2639,[173]
2646,[245]
2654,[455]
2655,[472]
2657,[437]
2658,[160]
2662,[400]
2663,[57]
2666,[278]
2677,[369]
2681,[128]
2682,[227]
2687,[128]
2690,[54]
2693,[437]
2695,[282]
2702,[500]
2704,[106]
2705,[84]
2706,[245]
2708,[360]
2709,[273]
2711,[410]
2713,[99]
2714,[186]
2719,[281]
2720,[351]
2721,[95]
2726,[410]
2728,[308]
2730,[299]
2732,[275]
2735,[311]
2736,[84]
2747,[275]
2751,[400]
2752,[397]
2754,[391]
2761,[13]
2766,[370]
2767,[273]
2777,[407]
2784,[498]
2787,[410]
2791,[276]
2792,[328]
2794,[17]
2799,[442]
2807,[245]
2812,[327]
2813,[249]
2819,[102]
2824,[469]
2829,[51]
2837,[386]
2838,[326]
2840,[438]
2842,[231]
2844,[452]
2846,[440]
2848,[469]
2851,[368]
2856,[313]
2858,[382]
2865,[304]
2866,[199]
2867,[57]
2869,[460]
2876,[177]
2880,[179]
2881,[482]
2882,[454]
2885,[56]
2888,[200]
2893,[107]
2894,[91]
2910,[113]
2912,[144]
2918,[382]
2919,[345]
2920,[326]
2921,[455]
2923,[473]
2932,[310]
2934,[404]
2939,[402]
2942,[454]
2943,[368]
2945,[282]
2950,[311]
2964,[121]
2967,[128]
2968,[469]
2974,[424]
2977,[155]
2980,[320]
2981,[476]
2985,[481]
2994,[232]
3003,[462]
3004,[442]
3007,[57]
3014,[382]
3019,[311]
3022,[279]
3028,[308]
3033,[94]
3034,[310]
3038,[342]
3040,[188]
3044,[402]
3047,[112]
3050,[77]
3055,[442]
3056,[442]
3059,[400]
3060,[397]
3063,[1]
3065,[221]
3070,[42]
3071,[59]
3076,[276]
3081,[289]
3089,[391]
3090,[419]
3092,[315]
3096,[310]
3101,[439]
3105,[128]
3106,[152]
3129,[216]
3134,[311]
3135,[118]
3141,[313]
3148,[79]
3149,[59]
3150,[200]
3151,[199]
3155,[232]
3159,[9]
3160,[177]
3163,[293]
3168,[402]
3179,[419]
3181,[360]
3182,[7]
3190,[261]
3193,[63]
3200,[313]
3202,[391]
3203,[480]
3209,[130]
3211,[142]
3217,[440]
3229,[79]
3230,[154]
3233,[440]
3237,[472]
3241,[424]
3242,[57]
3243,[440]
3247,[7]
3252,[100]
3256,[404]
3258,[293]
3263,[117]
3268,[289]
3272,[259]
3273,[266]
3277,[142]
3278,[479]
3280,[400]
3282,[231]
3285,[102]
3290,[472]
3291,[22]
3295,[417]
3306,[214]
3308,[351]
3312,[455]
3313,[364]
3315,[424]
3319,[160]
3328,[112]
3330,[177]
3332,[369]
3333,[56]
3334,[311]
3343,[213]
3345,[328]
3349,[308]
3351,[116]
3353,[382]
3354,[334]
3357,[343]
3361,[34]
3364,[481]
3370,[100]
3371,[382]
3375,[188]
3379,[28]
3383,[382]
3385,[476]
3398,[308]
3399,[3]
3405,[297]
3407,[221]
3409,[455]
3411,[424]
3412,[75]
3414,[396]
3426,[342]
3430,[286]
3431,[126]
3438,[1]
3441,[410]
3459,[311]
3468,[200]
3469,[75]
3474,[177]
3493,[359]
3498,[440]
3500,[193]
3504,[340]
3507,[94]
3510,[142]
3512,[305]
3515,[388]
3521,[369]
3527,[317]
3530,[365]
3532,[442]
3534,[442]
3535,[245]
3536,[87]
3538,[79]
3539,[273]
3543,[455]
3563,[411]
3565,[110]
3569,[289]
3576,[245]
3577,[401]
3578,[327]
3580,[59]
3584,[180]
3585,[342]
3587,[440]
3602,[487]
3604,[64]
3609,[482]
3611,[411]
3616,[94]
3620,[498]
3621,[47]
3622,[311]
3623,[202]
3625,[376]
3636,[470]
3646,[96]
3647,[407]
3651,[289]
3656,[470]
3659,[177]
3660,[327]
3669,[142]
3675,[214]
3693,[340]
3699,[396]
3700,[329]
3708,[84]
3713,[342]
3720,[340]
3722,[94]
3723,[382]
3724,[121]
3728,[80]
3730,[177]
3736,[326]
3747,[427]
3751,[80]
3756,[293]
3762,[276]
3768,[248]
3769,[245]
3770,[470]
3773,[96]
3775,[455]
3781,[173]
3782,[342]
3785,[121]
3787,[454]
3789,[75]
3790,[389]
3791,[455]
3793,[96]
3799,[245]
3803,[365]
3805,[365]
3817,[470]
3825,[259]
3826,[70]
3831,[215]
3834,[245]
3835,[345]
3836,[492]
3838,[51]
3841,[137]
3845,[282]
3850,[151]
3854,[177]
3859,[37]
3861,[1]
3862,[145]
3863,[401]
3870,[99]
3873,[416]
3878,[137]
3881,[482]
3887,[7]
3888,[410]
3893,[195]
3896,[417]
3897,[59]
3903,[397]
3904,[248]
3905,[440]
3907,[152]
3908,[397]
3914,[472]
3921,[37]
3929,[455]
3932,[128]
3935,[211]
3936,[411]
3942,[121]
3943,[448]
3944,[87]
3945,[342]
3951,[293]
3953,[195]
3954,[394]
3956,[407]
3961,[365]
3969,[145]
3971,[492]
3973,[159]
3975,[84]
3985,[214]
3989,[437]
3992,[102]
3995,[342]
3996,[273]
3997,[391]
4016,[308]
4022,[35]
4025,[455]
4029,[342]
4033,[51]
4038,[276]
4042,[116]
4045,[401]
4047,[117]
4048,[455]
4050,[468]
4052,[87]
4054,[464]
4062,[177]
4064,[469]
4066,[419]
4067,[34]
4070,[61]
4073,[424]
4080,[328]
4081,[311]
4089,[460]
4090,[308]
4094,[231]
4098,[444]
4104,[311]
4106,[116]
4109,[438]
4110,[407]
4111,[155]
4113,[37]
4117,[144]
4123,[214]
4126,[468]
4127,[455]
4130,[94]
4131,[479]
4146,[455]
4149,[247]
4159,[469]
4165,[211]
4167,[99]
4170,[7]
4171,[136]
4175,[158]
4181,[199]
4184,[55]
4192,[145]
4193,[308]
4198,[79]
4200,[13]
4202,[153]
4203,[142]
4214,[57]
4219,[64]
4224,[369]
4225,[120]
4234,[213]
4236,[407]
4239,[417]
4241,[136]
4246,[154]
4249,[472]
4259,[311]
4260,[237]
4276,[247]
4278,[386]
4279,[479]
4281,[80]
4285,[281]
4286,[310]
4293,[364]
4296,[369]
4300,[359]
4301,[37]
4303,[221]
4305,[136]
4307,[121]
4308,[62]
4309,[91]
4318,[360]
4320,[329]
4324,[136]
4330,[131]
4334,[458]
4336,[369]
4342,[276]
4346,[37]
4349,[442]
4352,[153]
4353,[382]
4358,[389]
4374,[276]
4376,[300]
4379,[12]
4396,[299]
4397,[245]
4398,[437]
4405,[436]
4409,[9]
4410,[326]
4415,[479]
4425,[245]
4430,[145]
4436,[455]
4440,[382]
4441,[396]
4444,[102]
4446,[244]
4447,[56]
4454,[316]
4457,[83]
4458,[480]
4463,[87]
4466,[90]
4467,[121]
4469,[299]
4478,[419]
4487,[382]
4488,[275]
4491,[411]
4493,[37]
4496,[366]
4497,[369]
4506,[232]
4508,[494]
4513,[145]
4518,[216]
4526,[289]
4528,[227]
4530,[480]
4536,[202]
4540,[313]
4555,[328]
4557,[248]
4560,[64]
4571,[315]
4576,[315]
4584,[126]
4585,[368]
4587,[152]
4589,[410]
4591,[84]
4595,[455]
4597,[311]
4598,[140]
4600,[483]
4601,[12]
4602,[315]
4603,[498]
4615,[416]
4618,[254]
4620,[320]
4623,[391]
4627,[117]
4637,[34]
4638,[382]
4639,[411]
4640,[296]
4645,[409]
4649,[328]
4652,[247]
4655,[457]
4656,[421]
4662,[411]
4665,[391]
4667,[376]
4668,[261]
4675,[481]
4682,[440]
4686,[394]
4691,[308]
4692,[130]
4694,[246]
4695,[140]
4698,[140]
4713,[281]
4717,[245]
4718,[333]
4720,[297]
4729,[254]
4730,[416]
4734,[438]
4741,[286]
4744,[440]
4746,[354]
4752,[447]
4756,[47]
4760,[75]
4761,[54]
4762,[173]
4766,[342]
4770,[424]
4782,[310]
4791,[356]
4801,[382]
4803,[338]
4809,[458]
4816,[137]
4819,[44]
4820,[449]
4826,[34]
4833,[410]
4834,[9]
4841,[136]
4842,[75]
4849,[348]
4852,[232]
4875,[496]
4876,[452]
4878,[410]
4880,[245]
4887,[431]
4888,[79]
4889,[39]
4901,[311]
4907,[61]
4911,[122]
4918,[243]
4922,[84]
4924,[96]
4926,[382]
4927,[34]
4933,[73]
4941,[145]
4957,[75]
4958,[70]
4968,[441]
4970,[345]
4972,[442]
4976,[342]
4977,[61]
4979,[100]
4980,[454]
4982,[290]
4988,[410]
4990,[79]
4997,[237]
5000,[310]
5005,[454]
5009,[462]
5013,[410]
5014,[59]
5016,[115]
5019,[51]
5023,[449]
5026,[102]
5033,[369]
5036,[328]
5040,[275]
5042,[401]
5050,[10]
5058,[342]
5075,[115]
5079,[219]
5085,[391]
5089,[430]
5090,[189]
5095,[310]
5097,[177]
5107,[498]
5113,[476]
5117,[479]
5121,[144]
5124,[308]
5125,[457]
5132,[261]
5134,[440]
5136,[61]
5141,[177]
5143,[496]
5144,[79]
5146,[476]
5155,[360]
5166,[419]
5172,[286]
5181,[51]
5191,[188]
5203,[442]
5204,[481]
5211,[121]
5216,[247]
5219,[32]
5220,[144]
5222,[293]
5223,[394]
5224,[333]
5229,[376]
5236,[120]
5237,[120]
5239,[29]
5244,[232]
5255,[95]
5256,[162]
5262,[128]
5266,[245]
5270,[85]
5277,[442]
5278,[455]
5280,[479]
5281,[128]
5282,[481]
5291,[42]
5294,[276]
5296,[442]
5301,[61]
5314,[469]
5319,[281]
5321,[177]
5322,[96]
5326,[145]
5327,[41]
5331,[308]
5340,[66]
5341,[75]
5347,[260]
5351,[273]
5353,[57]
5354,[180]
5355,[496]
5365,[335]
5370,[137]
5371,[99]
5373,[315]
5380,[128]
5381,[59]
5385,[175]
5407,[424]
5412,[64]
5422,[407]
5428,[79]
5440,[382]
5441,[376]
5442,[455]
5444,[136]
5455,[422]
5461,[342]
5462,[460]
5475,[64]
5480,[364]
5482,[94]
5484,[437]
5487,[481]
5488,[227]
5489,[43]
5492,[361]
5495,[281]
5503,[311]
5505,[281]
5506,[79]
5509,[284]
5515,[47]
5517,[247]
5520,[365]
5527,[436]
5530,[120]
5535,[289]
5537,[440]
5544,[275]
5545,[206]
5552,[286]
5554,[44]
5558,[227]
5559,[413]
5564,[142]
5571,[84]
5572,[145]
5573,[63]
5577,[77]
5578,[59]
5580,[131]
5581,[272]
5582,[142]
5583,[51]
5588,[442]
5595,[289]
5598,[56]
5600,[221]
5603,[498]
5608,[188]
5611,[442]
5615,[85]
5636,[243]
5647,[87]
5654,[468]
5656,[43]
5660,[470]
5669,[293]
5672,[153]
5682,[332]
5683,[407]
5687,[411]
5695,[457]
5698,[228]
5699,[120]
5700,[460]
5701,[1]
5704,[286]
5709,[227]
5710,[496]
5715,[382]
5718,[35]
5720,[96]
5726,[245]
5729,[182]
5730,[448]
5735,[59]
5737,[270]
5738,[429]
5747,[85]
5753,[144]
5758,[144]
5759,[173]
5761,[289]
5765,[481]
5768,[173]
5776,[282]
5780,[121]
5781,[366]
5782,[478]
5790,[431]
5793,[141]
5794,[273]
5797,[261]
5800,[87]
5803,[454]
5805,[364]
5811,[117]
5817,[125]
5826,[343]
5827,[43]
5829,[289]
5830,[311]
5836,[469]
5840,[66]
5842,[496]
5853,[128]
5859,[409]
5862,[145]
5864,[200]
5867,[193]
5872,[245]
5875,[122]
5885,[206]
5887,[80]
5899,[410]
5904,[407]
5922,[94]
5924,[400]
5926,[106]
5930,[126]
5938,[293]
5944,[342]
5945,[145]
5956,[424]
5959,[411]
5964,[468]
5968,[411]
5973,[382]
5975,[107]
5988,[137]
5999,[221]
6007,[396]
6008,[265]
6009,[142]
6012,[232]
6014,[232]
6018,[472]
6023,[365]
6031,[275]
6038,[128]
6048,[188]
6057,[366]
6063,[100]
6066,[160]
6068,[186]
6071,[303]
6073,[296]
6075,[245]
6083,[51]
6084,[122]
6092,[455]
6093,[436]
6094,[407]
6102,[254]
6105,[342]
6107,[482]
6114,[286]
6115,[419]
6127,[457]
6132,[455]
6142,[311]
6149,[64]
6152,[56]
6155,[382]
6162,[431]
6176,[116]
6177,[481]
6179,[171]
6180,[272]
6181,[201]
6185,[364]
6192,[48]
6197,[320]
6198,[145]
6202,[482]
6210,[401]
6217,[106]
6218,[182]
6225,[500]
6227,[121]
6237,[308]
6240,[411]
6248,[193]
6259,[245]
6271,[360]
6275,[136]
6278,[128]
6282,[315]
6289,[498]
6299,[188]
6303,[410]
6312,[94]
6315,[458]
6318,[27]
6328,[92]
6339,[349]
6340,[498]
6357,[479]
6358,[469]
6361,[120]
6363,[232]
6368,[116]
6369,[382]
6375,[144]
6387,[328]
6398,[455]
6403,[136]
6404,[310]
6406,[35]
6408,[79]
6410,[85]
6421,[116]
6422,[186]
6424,[215]
6427,[328]
6433,[171]
6435,[117]
6438,[455]
6448,[201]
6451,[239]
6452,[3]
6453,[310]
6454,[492]
6455,[193]
6458,[237]
6460,[60]
6462,[34]
6464,[13]
6471,[128]
6472,[481]
6477,[193]
6479,[87]
6490,[107]
6491,[366]
6494,[145]
6498,[227]
6501,[83]
6502,[261]
6504,[94]
6508,[254]
6515,[360]
6524,[498]
6528,[7]
6537,[42]
6539,[411]
6541,[382]
6557,[116]
6561,[478]
6563,[37]
6578,[199]
6579,[193]
6583,[496]
6584,[202]
6587,[202]
6590,[478]
6592,[120]
6598,[276]
6600,[79]
6622,[409]
6626,[137]
6633,[360]
6635,[480]
6643,[382]
6646,[136]
6647,[430]
6648,[206]
6656,[80]
6660,[279]
6664,[12]
6669,[360]
6676,[311]
6677,[274]
6681,[171]
6685,[173]
6689,[388]
6691,[136]
6696,[186]
6698,[13]
6700,[211]
6709,[180]
6723,[96]
6731,[470]
6732,[311]
6735,[248]
6737,[293]
6743,[486]
6747,[400]
6748,[411]
6750,[152]
6751,[454]
6754,[328]
6756,[243]
6779,[51]
6780,[94]
6804,[84]
6805,[275]
6808,[35]
6813,[245]
6819,[470]
6821,[286]
6824,[328]
6835,[320]
6836,[424]
6837,[394]
6838,[79]
6845,[31]
6848,[286]
6855,[193]
6856,[391]
6858,[476]
6871,[430]
6879,[286]
6881,[495]
6891,[145]
6893,[417]
6899,[94]
6908,[122]
6913,[142]
6914,[70]
6927,[87]
6935,[171]
6938,[116]
6939,[117]
6941,[183]
6950,[142]
6960,[430]
6962,[382]
6963,[188]
6965,[13]
6966,[495]
6972,[7]
6974,[116]
6976,[51]
6977,[407]
6978,[54]
6982,[480]
6983,[35]
6985,[13]
6988,[311]
6989,[121]
6990,[449]
6996,[289]
7008,[272]
7017,[94]
7022,[480]
7026,[120]
7027,[188]
7031,[310]
7037,[261]
7049,[449]
7053,[342]
7054,[122]
7062,[289]
7072,[96]
7073,[416]
7075,[7]
7080,[469]
7085,[310]
7088,[245]
7097,[206]
7098,[254]
7100,[455]
7103,[352]
7105,[37]
7108,[115]
7109,[87]
7121,[31]
7127,[245]
7129,[493]
7131,[270]
7136,[437]
7147,[394]
7149,[180]
7155,[342]
7160,[444]
7162,[326]
7164,[79]
7165,[411]
7166,[116]
7171,[396]
7181,[247]
7191,[494]
7212,[110]
7218,[369]
7222,[333]
7239,[418]
7245,[323]
7247,[87]
7249,[12]
7251,[442]
7255,[77]
7263,[193]
7266,[228]
7272,[130]
7283,[310]
7292,[11]
7299,[411]
7300,[39]
7312,[436]
7316,[94]
7319,[54]
7321,[96]
7330,[175]
7332,[311]
7333,[272]
7340,[440]
7350,[47]
7353,[200]
7358,[422]
7360,[417]
7362,[136]
7363,[43]
7367,[293]
7369,[490]
7370,[436]
7383,[163]
7396,[177]
7397,[360]
7400,[31]
7401,[490]
7404,[490]
7406,[193]
7413,[260]
7417,[120]
7422,[223]
7428,[87]
7430,[290]
7431,[243]
7438,[328]
7446,[424]
7447,[136]
7452,[273]
7462,[10]
7464,[455]
7466,[232]
7471,[334]
7475,[364]
7477,[495]
7482,[290]
7485,[289]
7496,[308]
7499,[142]
7500,[311]
7503,[37]
7509,[188]
7513,[38]
7515,[79]
7522,[254]
7536,[270]
7539,[110]
7545,[1]
7547,[182]
7552,[490]
7556,[112]
7557,[116]
7560,[152]
7561,[145]
7563,[160]
7570,[95]
7578,[144]
7585,[186]
7587,[66]
7588,[351]
7590,[438]
7593,[442]
7600,[369]
7601,[84]
7605,[490]
7610,[195]
7611,[152]
7612,[286]
7621,[490]
7623,[490]
7624,[180]
7627,[102]
7628,[114]
7630,[53]
7645,[342]
7654,[145]
7655,[476]
7662,[175]
7663,[188]
7666,[232]
7668,[469]
7673,[292]
7687,[110]
7688,[343]
7695,[369]
7698,[440]
7699,[188]
7704,[481]
7706,[37]
7717,[419]
7719,[480]
7721,[180]
7723,[77]
7724,[343]
7725,[281]
7728,[308]
7732,[469]
7733,[498]
7748,[400]
7758,[311]
7764,[400]
7766,[490]
7771,[152]
7780,[359]
7793,[214]
7796,[142]
7798,[438]
7801,[126]
7806,[490]
7807,[178]
7808,[7]
7815,[136]
7816,[293]
7818,[173]
7819,[247]
7822,[28]
7826,[145]
7831,[145]
7843,[270]
7845,[211]
7854,[96]
7859,[478]
7862,[141]
7866,[128]
7868,[263]
7869,[438]
7883,[368]
7885,[411]
7891,[311]
7906,[340]
7907,[310]
7916,[171]
7927,[311]
7930,[328]
7935,[153]
7936,[336]
7952,[177]
7957,[490]
7963,[327]
7964,[189]
7969,[310]
7972,[356]
7973,[494]
7981,[177]
7985,[470]
7986,[299]
7987,[171]
7990,[400]
7991,[79]
7995,[122]
8004,[496]
8006,[248]
8009,[33]
8013,[416]
8017,[490]
8019,[211]
8022,[340]
8023,[314]
8038,[59]
8048,[95]
8056,[136]
8057,[440]
8059,[75]
8060,[460]
8066,[449]
8069,[486]
8072,[90]
8075,[490]
8087,[136]
8090,[468]
8093,[121]
8101,[228]
8108,[448]
8109,[140]
8110,[273]
8112,[407]
8118,[356]
8119,[411]
8128,[77]
8138,[438]
8140,[13]
8141,[83]
8145,[417]
8146,[171]
8147,[376]
8149,[57]
8153,[254]
8155,[13]
8157,[286]
8160,[121]
8164,[311]
8167,[406]
8169,[118]
8173,[490]
8179,[369]
8180,[31]
8183,[193]
8186,[472]
8187,[245]
8193,[171]
8195,[286]
8199,[96]
8202,[186]
8203,[342]
8210,[270]
8217,[202]
8219,[360]
8220,[59]
8223,[500]
8231,[3]
8232,[261]
8235,[308]
8240,[411]
8244,[31]
8250,[359]
8251,[128]
8259,[469]
8265,[476]
8270,[290]
8272,[411]
8277,[136]
8284,[159]
8286,[424]
8301,[489]
8302,[468]
8310,[370]
8311,[444]
8322,[411]
8326,[117]
8327,[455]
8330,[482]
8344,[476]
8345,[90]
8351,[180]
8355,[391]
8361,[77]
8363,[136]
8364,[64]
8372,[152]
8374,[152]
8375,[188]
8378,[289]
8382,[66]
8383,[409]
8391,[85]
8434,[7]
8438,[289]
8455,[495]
8482,[479]
8484,[286]
8486,[3]
8488,[289]
8503,[131]
8505,[126]
8510,[31]
8519,[180]
8526,[180]
8532,[370]
8558,[180]
8568,[77]
8569,[188]
8575,[447]
8579,[411]
8587,[411]
8594,[366]
8600,[308]
8603,[3]
8608,[494]
8611,[42]
8612,[286]
8617,[84]
8634,[180]
8636,[12]
8637,[173]
8657,[3]
8666,[1]
8668,[87]
8678,[87]
8689,[438]
8702,[368]
8711,[156]
8713,[418]
8718,[96]
8719,[7]
8722,[142]
8723,[308]
8727,[48]
8729,[490]
8739,[496]
8744,[95]
8747,[173]
8752,[137]
8764,[304]
8767,[206]
8768,[310]
8769,[62]
8777,[401]
8778,[394]
8779,[245]
8784,[308]
8787,[455]
8799,[7]
8800,[223]
8811,[121]
8815,[311]
8816,[341]
8820,[77]
8823,[438]
8825,[211]
8833,[91]
8834,[275]
8835,[495]
8837,[455]
8845,[13]
8850,[469]
8869,[237]
8873,[12]
8876,[31]
8877,[173]
8878,[87]
8880,[336]
8888,[94]
8895,[308]
8905,[132]
8910,[245]
8918,[62]
8928,[480]
8933,[3]
8937,[237]
8944,[340]
8948,[298]
8954,[3]
8955,[486]
8957,[116]
8960,[382]
8978,[112]
8982,[242]
8985,[173]
8993,[397]
8994,[401]
9003,[137]
9005,[481]
9009,[145]
9018,[137]
9037,[369]
9039,[79]
9040,[4]
9052,[342]
9056,[364]
9059,[263]
9060,[243]
9065,[31]
9066,[359]
9069,[388]
9071,[80]
9079,[31]
9081,[94]
9083,[360]
9085,[469]
9086,[275]
9090,[460]
9091,[486]
9092,[223]
9094,[460]
9098,[31]
9100,[388]
9101,[339]
9106,[3]
9110,[34]
9119,[145]
9120,[318]
9121,[364]
9131,[206]
9135,[364]
9149,[215]
9151,[472]
9153,[286]
9158,[454]
9161,[245]
9172,[500]
9178,[391]
9179,[55]
9188,[231]
9191,[440]
9197,[382]
9206,[55]
9216,[237]
9218,[396]
9220,[115]
9228,[20]
9245,[442]
9246,[55]
9257,[209]
9259,[79]
9277,[282]
9282,[440]
9294,[3]
9295,[275]
9308,[167]
9310,[87]
9315,[470]
9316,[13]
9320,[102]
9330,[245]
9337,[42]
9338,[500]
9344,[281]
9346,[195]
9350,[370]
9361,[369]
9362,[156]
9367,[453]
9374,[391]
9384,[40]
9389,[310]
9390,[418]
9394,[213]
9399,[167]
9401,[343]
9409,[286]
9413,[231]
9420,[231]
9423,[440]
9425,[140]
9426,[273]
9435,[112]
9437,[364]
9440,[84]
9444,[454]
9453,[35]
9459,[286]
9460,[360]
9468,[213]
9474,[132]
9479,[132]
9480,[455]
9484,[136]
9486,[144]
9491,[116]
9498,[55]
9506,[35]
9507,[400]
9512,[476]
9513,[136]
9516,[171]
9520,[281]
9526,[496]
9543,[3]
9553,[145]
9566,[438]
9567,[313]
9575,[281]
9577,[366]
9578,[455]
9584,[248]
9586,[136]
9587,[75]
9588,[193]
9590,[140]
9596,[96]
9604,[424]
9610,[308]
9615,[479]
9618,[440]
9632,[436]
9646,[57]
9648,[293]
9651,[80]
9652,[382]
9659,[386]
9661,[281]
9664,[188]
9668,[268]
9681,[55]
9690,[31]
9692,[470]
9693,[70]
9696,[364]
9697,[145]
9700,[116]
9703,[115]
9711,[145]
9729,[3]
9734,[387]
9736,[268]
9743,[289]
9748,[391]
9755,[188]
9758,[268]
9759,[308]
9770,[231]
9780,[454]
9788,[96]
9810,[360]
9812,[455]
9814,[177]
9817,[3]
9824,[254]
9826,[121]
9827,[231]
9828,[75]
9831,[455]
9835,[289]
9839,[360]
9840,[87]
9842,[180]
9855,[202]
9858,[311]
9863,[472]
9866,[27]
9867,[431]
9871,[90]
9877,[413]
9880,[328]
9881,[223]
9883,[142]
9888,[379]
9891,[411]
9898,[391]
9899,[311]
9900,[79]
9902,[268]
9910,[379]
9913,[413]
9917,[178]
9918,[438]
9921,[472]
9927,[80]
9931,[321]
9932,[476]
9934,[136]
9935,[454]
9945,[342]
9952,[416]
9954,[28]
9955,[142]
9973,[57]
9980,[247]
9981,[281]
9982,[311]
9990,[440]
