post_id,tags
0,[]
1,[]
2,[]
3,[2220]
4,"[3741, 2388]"
5,[]
6,[]
7,[]
8,[]
9,[]
10,[]
11,[]
12,[]
13,[]
14,[]
15,[2220]
16,"[1502, 5144]"
17,[]
18,[850]
19,[]
20,[1772]
21,[]
22,[]
23,[]
24,[]
25,[850]
26,[]
27,[]
28,[]
29,[]
30,[2094]
31,[]
32,[377]
33,[]
34,"[2388, 3741, 3197]"
35,[]
36,[]
37,[796]
38,[]
39,[]
40,[2427]
41,[]
42,[]
43,[]
44,[]
45,[1739]
46,[]
47,[2942]
48,[]
49,[5657]
50,[]
51,[]
52,[3741]
53,[]
54,[2422]
55,[1739]
56,[]
57,[]
58,[850]
59,[]
60,"[526, 3528]"
61,[]
62,[5659]
63,[]
64,[]
65,[]
66,"[323, 498]"
67,"[1290, 713]"
68,[]
69,[]
70,[]
71,"[4522, 2805]"
72,[]
73,[]
74,[]
75,[]
76,[]
77,[]
78,[]
79,[]
80,[]
81,[3146]
82,[]
83,[]
84,[]
85,[]
86,[]
87,[]
88,[]
89,[]
90,[]
91,[]
92,[]
93,[2969]
94,[]
95,[]
96,[]
97,[2969]
98,"[1484, 2028]"
99,"[498, 323, 13]"
100,[]
101,[1055]
102,[]
103,[]
104,[2136]
105,[3625]
106,[]
107,"[2805, 4522]"
108,[]
109,[]
110,[]
111,[2969]
112,[]
113,"[4522, 2805]"
114,[2805]
115,"[2422, 2427]"
116,[850]
117,[]
118,[]
119,[]
120,[]
121,[]
122,[]
123,[2969]
124,"[4522, 2805]"
125,[]
126,[]
127,"[2198, 2353]"
128,[]
129,[]
130,[]
131,[]
132,[]
133,[]
134,[]
135,[]
136,"[5823, 4111, 3684]"
137,[4935]
138,[2009]
139,[]
140,[]
141,[]
142,[]
143,[]
144,[]
145,"[2805, 4522]"
146,[]
147,[]
148,[4542]
149,[]
150,"[621, 3684]"
151,[2203]
152,[]
153,[859]
154,[]
155,[]
156,[]
157,[]
158,[]
159,[]
160,[]
161,[]
162,[]
163,"[5823, 4011, 4111]"
164,[]
165,[4060]
166,[]
167,[282]
168,[]
169,[3311]
170,[]
171,[]
172,[2422]
173,"[621, 4111, 4011, 3684]"
174,[]
175,[]
176,[]
177,[]
178,[]
179,"[2422, 2427]"
180,"[4590, 3234]"
181,[]
182,[]
183,[]
184,[]
185,[]
186,[]
187,[]
188,[]
189,[2969]
190,[]
191,[]
192,"[1067, 3573, 1569]"
193,[]
194,"[1290, 2615]"
195,[]
196,[]
197,[]
198,"[1164, 2422]"
199,[4935]
200,"[1569, 1067]"
201,[]
202,[]
203,[]
204,[]
205,[]
206,[]
207,[]
208,[2969]
209,[]
210,[]
211,[]
212,[]
213,[]
214,[]
215,[]
216,[]
217,[]
218,[]
219,[728]
220,[]
221,[]
222,[4991]
223,[2969]
224,[859]
225,[]
226,[]
227,[]
228,[]
229,[]
230,[]
231,[]
232,[2999]
233,[]
234,[]
235,[]
236,[]
237,[]
238,[]
239,[]
240,[]
241,[]
242,[]
243,"[4011, 3684, 621]"
244,"[1067, 3573, 1569]"
245,[]
246,[]
247,[2606]
248,[]
249,[1569]
250,[]
251,[]
252,[]
253,[]
254,[]
255,[]
256,[]
257,[]
258,[]
259,[]
260,[]
261,[]
262,[]
263,[]
264,[]
265,[2094]
266,[165]
267,[]
268,[]
269,[]
270,[1504]
271,[]
272,"[1044, 2184]"
273,[]
274,[]
275,[]
276,[]
277,[]
278,[4871]
279,[]
280,[2136]
281,[]
282,[]
283,[]
284,[]
285,"[1569, 3573]"
286,[]
287,[]
288,[]
289,[]
290,[]
291,[]
292,"[5895, 2588]"
293,[]
294,[]
295,[]
296,[]
297,[]
298,[2136]
299,[2969]
300,[184]
301,[2244]
302,[]
303,[]
304,[]
305,[]
306,[]
307,[]
308,[]
309,[]
310,"[4111, 621]"
311,[]
312,[]
313,[]
314,[]
315,[]
316,[515]
317,[]
318,[]
319,[]
320,[369]
321,"[5846, 3597]"
322,[3311]
323,[]
324,[75]
325,[]
326,[]
327,[]
328,"[2244, 4370]"
329,[]
330,[]
331,[]
332,[66]
333,"[4370, 2244]"
334,[]
335,[]
336,"[4196, 728]"
337,[]
338,[]
339,[4611]
340,[]
341,[]
342,[4611]
343,[]
344,[]
345,"[3023, 3313]"
346,[4011]
347,[]
348,[]
349,[4542]
350,[]
351,[]
352,[3821]
353,[]
354,[]
355,[]
356,[]
357,[]
358,[]
359,[]
360,[]
361,[]
362,[]
363,[]
364,[]
365,[2969]
366,[4507]
367,[]
368,[]
369,[2606]
370,[]
371,[]
372,[]
373,[]
374,[4638]
375,[]
376,[184]
377,[]
378,[]
379,[1531]
380,[]
381,"[5823, 3684]"
382,[]
383,"[2172, 5895, 2588]"
384,[]
385,"[1484, 2028]"
386,[3625]
387,[4611]
388,[]
389,[]
390,[]
391,"[2933, 5540, 1568]"
392,[]
393,[]
394,[]
395,[]
396,[2969]
397,[859]
398,[]
399,[]
400,[2969]
401,[]
402,[]
403,[]
404,[929]
405,[]
406,[]
407,[]
408,[4370]
409,"[1674, 5993]"
410,[]
411,[]
412,[]
413,[]
414,[]
415,[]
416,[]
417,[]
418,[]
419,[]
420,[]
421,[]
422,[]
423,[]
424,[]
425,[]
426,[]
427,[]
428,[]
429,"[1227, 3507]"
430,[]
431,"[2172, 2868]"
432,[]
433,[]
434,[]
435,[]
436,[]
437,"[2933, 2999]"
438,[]
439,[]
440,[]
441,[]
442,[]
443,"[5566, 3507]"
444,[]
445,[]
446,[]
447,[]
448,[]
449,[]
450,[]
451,[]
452,"[1827, 2216]"
453,[1890]
454,[]
455,[3866]
456,"[2172, 2868]"
457,[3625]
458,[]
459,[3625]
460,[2094]
461,[]
462,[]
463,[2172]
464,[]
465,[2244]
466,[2257]
467,"[5758, 5927]"
468,[]
469,[]
470,[859]
471,[]
472,"[2388, 3741]"
473,[]
474,[977]
475,[]
476,[4111]
477,[]
478,[]
479,[]
480,[]
481,[]
482,[]
483,[]
484,[]
485,"[382, 5333]"
486,[]
487,[]
488,[929]
489,[3528]
490,[977]
491,[]
492,[]
493,[]
494,[]
495,"[2172, 2868]"
496,[]
497,[1479]
498,[4542]
499,[]
500,[]
501,[4024]
502,[3528]
503,[]
504,[]
505,[]
506,[]
507,[]
508,[1569]
509,"[4038, 4024]"
510,[]
511,[]
512,[]
513,[]
514,[]
515,"[2184, 1044]"
516,[]
517,[]
518,[]
519,[]
520,[]
521,[]
522,[]
523,[]
524,[2548]
525,[]
526,[2172]
527,[]
528,[]
529,"[4038, 4024]"
530,"[2172, 2868]"
531,[]
532,[]
533,"[4370, 2244]"
534,[]
535,[1168]
536,[105]
537,[3573]
538,[3625]
539,[]
540,[]
541,"[3684, 4111, 4011, 621, 5823]"
542,[]
543,"[2216, 1827]"
544,[740]
545,[]
546,[]
547,[]
548,[]
549,[]
550,[]
551,"[2422, 2427]"
552,[2583]
553,[]
554,[4370]
555,[]
556,[]
557,"[300, 3961, 146]"
558,[4935]
559,[]
560,[820]
561,[]
562,[]
563,[]
564,[]
565,[]
566,[]
567,"[5965, 1985]"
568,[]
569,[]
570,[]
571,[]
572,[]
573,[]
574,[105]
575,[]
576,[]
577,[]
578,[]
579,[]
580,[]
581,[]
582,[]
583,[3821]
584,[]
585,"[5477, 4064]"
586,[1569]
587,[]
588,[773]
589,[157]
590,[]
591,[]
592,[1817]
593,[]
594,[]
595,[]
596,[2267]
597,[]
598,[]
599,[]
600,[]
601,"[4542, 3311]"
602,[]
603,[]
604,[]
605,[]
606,[]
607,"[5171, 3600]"
608,[]
609,[]
610,[]
611,[]
612,[]
613,[]
614,[]
615,[]
616,[2969]
617,[]
618,[]
619,[]
620,"[2999, 2933]"
621,"[2422, 2427]"
622,[]
623,[]
624,[]
625,"[2422, 2427]"
626,[]
627,[]
628,[]
629,[]
630,[]
631,[]
632,[]
633,[2353]
634,[]
635,[]
636,[]
637,[]
638,[4897]
639,[]
640,"[3197, 1385, 3741, 2388]"
641,[]
642,[]
643,"[4111, 5823, 621]"
644,"[1569, 3573]"
645,[850]
646,[1652]
647,[]
648,[]
649,"[434, 4391]"
650,[]
651,[2388]
652,[]
653,"[3573, 1067]"
654,[3311]
655,[5657]
656,[]
657,"[3023, 3768, 5566, 3507, 3313, 1227]"
658,[5949]
659,[23]
660,[]
661,[440]
662,[2933]
663,[]
664,[]
665,[]
666,[4507]
667,[]
668,"[4522, 2805]"
669,[]
670,[]
671,[]
672,[5578]
673,"[5281, 4816]"
674,[]
675,[561]
676,[859]
677,[2136]
678,[]
679,[]
680,"[1385, 2388, 3741]"
681,[]
682,[]
683,[1078]
684,[]
685,[]
686,[]
687,[]
688,[]
689,[]
690,[]
691,[]
692,[2969]
693,[]
694,[859]
695,"[3311, 4542]"
696,[]
697,[5116]
698,[]
699,[2136]
700,[]
701,[]
702,[]
703,[2324]
704,[]
705,[]
706,[]
707,[]
708,[105]
709,[2172]
710,[859]
711,[]
712,[]
713,[]
714,[]
715,[]
716,[]
717,[]
718,[]
719,[]
720,[4514]
721,[]
722,[]
723,[1396]
724,[1652]
725,[]
726,[]
727,[]
728,[]
729,[]
730,[1726]
731,[]
732,[]
733,[]
734,[]
735,[3528]
736,[2136]
737,[5250]
738,"[3741, 2388]"
739,[]
740,[]
741,[]
742,[]
743,[]
744,[]
745,[]
746,[]
747,[424]
748,[]
749,[]
750,[]
751,[]
752,[]
753,[]
754,[]
755,"[3841, 2421]"
756,"[2172, 2868]"
757,[4871]
758,[450]
759,[1133]
760,[]
761,[]
762,[]
763,[]
764,[]
765,[]
766,[]
767,"[3684, 4011, 621, 4111, 5823]"
768,[]
769,[369]
770,[4118]
771,[]
772,[2773]
773,[]
774,[]
775,[]
776,[1419]
777,"[3810, 2931]"
778,[]
779,[]
780,[]
781,[]
782,[2969]
783,[]
784,[]
785,[]
786,"[1231, 4855, 4089]"
787,[]
788,[]
789,[]
790,[1827]
791,[]
792,[859]
793,[]
794,[]
795,[]
796,[]
797,[]
798,[]
799,[]
800,[]
801,[]
802,[]
803,[]
804,[]
805,[]
806,[]
807,[2136]
808,[2189]
809,"[2172, 2868]"
810,[]
811,[]
812,[]
813,[]
814,[]
815,[]
816,[]
817,[]
818,[]
819,[]
820,[]
821,[]
822,[]
823,[859]
824,[]
825,[]
826,[]
827,[1739]
828,[]
829,[2244]
830,[]
831,[]
832,[184]
833,[]
834,[]
835,[]
836,[]
837,[]
838,[]
839,[]
840,[]
841,[]
842,[]
843,[]
844,[1652]
845,[4023]
846,[]
847,[]
848,[]
849,"[4370, 2244]"
850,[]
851,[]
852,[]
853,[4391]
854,[]
855,[]
856,[]
857,[]
858,[]
859,[4148]
860,[]
861,[3820]
862,[]
863,[]
864,[]
865,[2602]
866,[1652]
867,[]
868,"[4415, 2081]"
869,[]
870,[]
871,[]
872,[]
873,"[4370, 2244]"
874,[4897]
875,[]
876,[]
877,[]
878,[]
879,"[2999, 2933]"
880,[]
881,[440]
882,[]
883,[]
884,[1726]
885,[]
886,[]
887,[162]
888,[1429]
889,"[2172, 2868]"
890,[1371]
891,[]
892,[]
893,[]
894,[2708]
895,[4148]
896,[]
897,[]
898,[]
899,[]
900,[]
901,[]
902,[]
903,[]
904,[]
905,[]
906,"[586, 3441]"
907,[]
908,[]
909,[]
910,[]
911,[4935]
912,[1530]
913,[]
914,[]
915,[]
916,[1067]
917,"[5965, 1985]"
918,[]
919,[]
920,[]
921,[]
922,[2172]
923,[]
924,[4148]
925,[]
926,[]
927,[105]
928,[]
929,[]
930,[]
931,[]
932,[]
933,[]
934,[]
935,[]
936,[]
937,[]
938,[]
939,"[3197, 1385]"
940,[]
941,[]
942,[]
943,[]
944,[]
945,[105]
946,[]
947,[]
948,[]
949,"[507, 2642, 4546]"
950,[4991]
951,"[2868, 2172]"
952,[]
953,[]
954,[2172]
955,[4983]
956,[]
957,[]
958,[]
959,[3981]
960,[]
961,[]
962,[]
963,[]
964,[]
965,[]
966,[]
967,[]
968,[]
969,"[3741, 2388, 1385, 3197]"
970,[]
971,[]
972,[]
973,[]
974,[4935]
975,[]
976,[3507]
977,[]
978,[]
979,[]
980,[]
981,[]
982,[]
983,[2561]
984,"[4542, 3311]"
985,[4991]
986,[424]
987,[]
988,"[1067, 1569, 3573]"
989,[]
990,[]
991,[]
992,[]
993,[]
994,[]
995,[2805]
996,[]
997,[]
998,[1569]
999,"[4024, 4038]"
1000,[]
1001,[]
1002,"[434, 1891, 3374, 4391, 2170]"
1003,[]
1004,[3684]
1005,[]
1006,[2009]
1007,"[5823, 4111, 621, 3684]"
1008,[]
1009,[4507]
1010,[]
1011,[]
1012,[]
1013,[]
1014,"[621, 3684, 4111, 5823]"
1015,[3635]
1016,[]
1017,[]
1018,[1946]
1019,"[2244, 4370]"
1020,[]
1021,[]
1022,[]
1023,[]
1024,[]
1025,[]
1026,"[4493, 1208]"
1027,"[2151, 887]"
1028,[]
1029,[]
1030,[]
1031,[]
1032,[]
1033,[2868]
1034,[]
1035,[1067]
1036,[]
1037,[1946]
1038,[]
1039,[]
1040,[]
1041,"[1569, 1067, 3573]"
1042,[]
1043,[]
1044,[]
1045,[]
1046,"[53, 1612]"
1047,[]
1048,"[3286, 740, 3958]"
1049,[1208]
1050,[2051]
1051,[]
1052,"[3607, 1390, 2561, 3543]"
1053,[3126]
1054,"[3741, 3197, 2388]"
1055,[2999]
1056,[]
1057,[]
1058,[5450]
1059,[3573]
1060,[2422]
1061,[]
1062,[]
1063,[]
1064,[4507]
1065,[]
1066,[]
1067,"[591, 745]"
1068,[]
1069,[]
1070,[]
1071,[]
1072,[4038]
1073,[]
1074,[]
1075,[]
1076,[]
1077,[]
1078,[]
1079,[184]
1080,[]
1081,[]
1082,[]
1083,[]
1084,[1946]
1085,[]
1086,[]
1087,"[440, 4991]"
1088,[]
1089,[]
1090,"[2805, 4522]"
1091,[]
1092,[]
1093,[]
1094,[]
1095,[746]
1096,"[4557, 1967]"
1097,"[3573, 1067]"
1098,[4148]
1099,[2854]
1100,[]
1101,[]
1102,[]
1103,"[4197, 1294, 1229]"
1104,[]
1105,[]
1106,[]
1107,[184]
1108,[]
1109,[]
1110,[]
1111,[]
1112,[]
1113,[]
1114,[]
1115,[]
1116,[1827]
1117,[859]
1118,[]
1119,[363]
1120,[]
1121,[]
1122,[]
1123,[]
1124,[]
1125,[]
1126,[]
1127,[2999]
1128,[]
1129,[1652]
1130,"[4991, 440]"
1131,[]
1132,[]
1133,"[300, 743]"
1134,[]
1135,[]
1136,[1133]
1137,"[5875, 671]"
1138,[]
1139,"[4038, 4024]"
1140,[5846]
1141,[]
1142,[]
1143,[]
1144,[]
1145,"[2679, 75]"
1146,"[4797, 4032]"
1147,[]
1148,[]
1149,[]
1150,[]
1151,[]
1152,[]
1153,[]
1154,[]
1155,[]
1156,"[2696, 5939]"
1157,[]
1158,[]
1159,[]
1160,[]
1161,[]
1162,[]
1163,"[671, 5875]"
1164,"[2331, 2184]"
1165,[]
1166,[]
1167,[]
1168,[4507]
1169,[]
1170,[]
1171,"[671, 5875]"
1172,[]
1173,[]
1174,[4897]
1175,[]
1176,[]
1177,[]
1178,[]
1179,[1371]
1180,[]
1181,[]
1182,[]
1183,[]
1184,[]
1185,"[4493, 523]"
1186,[]
1187,"[1067, 3573, 1569]"
1188,[]
1189,"[1486, 5216, 91]"
1190,[]
1191,[]
1192,[]
1193,[]
1194,[]
1195,[]
1196,[]
1197,"[2761, 3157, 672, 1170, 5893, 3786, 3808]"
1198,[]
1199,"[3573, 1569]"
1200,[]
1201,[]
1202,[2843]
1203,"[1173, 2878]"
1204,[]
1205,[]
1206,"[559, 4212, 5282]"
1207,[]
1208,[]
1209,[]
1210,[]
1211,[]
1212,[746]
1213,[]
1214,[]
1215,[]
1216,[4038]
1217,[]
1218,[]
1219,[1110]
1220,[]
1221,[]
1222,"[671, 5875]"
1223,[]
1224,[]
1225,[]
1226,"[671, 5875]"
1227,[]
1228,[]
1229,[]
1230,[]
1231,[]
1232,[3191]
1233,[]
1234,[]
1235,[]
1236,[]
1237,[4897]
1238,[]
1239,[]
1240,[369]
1241,"[1827, 2216]"
1242,[]
1243,[2643]
1244,[]
1245,"[248, 4097, 3383, 1576, 2086]"
1246,[]
1247,[]
1248,[3550]
1249,[]
1250,[1835]
1251,"[4370, 2244]"
1252,[]
1253,[]
1254,[]
1255,[]
1256,[992]
1257,[5659]
1258,[]
1259,[]
1260,[]
1261,[]
1262,[]
1263,[]
1264,[]
1265,"[5758, 5927]"
1266,"[4024, 4038]"
1267,[4038]
1268,[]
1269,[]
1270,"[3573, 1569]"
1271,[]
1272,[4542]
1273,[]
1274,[4897]
1275,[]
1276,[]
1277,[]
1278,[]
1279,[]
1280,[]
1281,[5875]
1282,[]
1283,[]
1284,[]
1285,[]
1286,[]
1287,[]
1288,"[1208, 523, 4493]"
1289,"[5846, 3597]"
1290,[]
1291,[]
1292,[]
1293,[]
1294,[]
1295,[]
1296,[]
1297,[]
1298,[]
1299,[]
1300,[]
1301,[]
1302,[]
1303,[]
1304,[2805]
1305,[]
1306,[]
1307,[]
1308,[]
1309,[]
1310,[2477]
1311,[2136]
1312,[]
1313,[3083]
1314,[]
1315,[]
1316,[4370]
1317,[]
1318,[]
1319,[4060]
1320,[]
1321,[]
1322,[]
1323,"[2028, 1484]"
1324,"[5829, 1515, 2757]"
1325,[]
1326,[]
1327,[]
1328,[]
1329,"[2058, 3885]"
1330,[]
1331,[]
1332,"[3614, 356]"
1333,[]
1334,[]
1335,[]
1336,[]
1337,[]
1338,[]
1339,[]
1340,[]
1341,[]
1342,[]
1343,[2170]
1344,[]
1345,[184]
1346,"[75, 2679]"
1347,"[5432, 2726]"
1348,[]
1349,[]
1350,[]
1351,[]
1352,[]
1353,[]
1354,[5448]
1355,[]
1356,[]
1357,[2854]
1358,[4391]
1359,[]
1360,[]
1361,[102]
1362,[]
1363,[]
1364,[2427]
1365,[]
1366,[]
1367,[]
1368,[]
1369,[]
1370,[]
1371,[3981]
1372,"[3311, 4542]"
1373,"[3311, 4542]"
1374,[2229]
1375,[]
1376,"[2339, 3698]"
1377,[]
1378,[]
1379,[]
1380,[]
1381,[]
1382,[]
1383,[]
1384,[859]
1385,[3863]
1386,[]
1387,[]
1388,[]
1389,[]
1390,[]
1391,"[2451, 3061, 897, 4625]"
1392,[2583]
1393,[1946]
1394,[]
1395,[]
1396,[]
1397,[]
1398,[]
1399,[]
1400,[]
1401,[75]
1402,[]
1403,"[440, 4991]"
1404,[]
1405,[2969]
1406,[]
1407,[]
1408,"[75, 2679]"
1409,"[1498, 180]"
1410,[]
1411,[]
1412,[]
1413,[4017]
1414,"[2172, 2868]"
1415,[]
1416,[]
1417,[4370]
1418,"[102, 2573]"
1419,[]
1420,[]
1421,[]
1422,[75]
1423,[]
1424,[2229]
1425,[]
1426,[]
1427,[]
1428,[]
1429,[]
1430,[1919]
1431,[]
1432,[2203]
1433,[]
1434,"[1067, 1569, 3573]"
1435,[978]
1436,[]
1437,[]
1438,"[1946, 5578]"
1439,[]
1440,[]
1441,[]
1442,"[3374, 1891, 434, 5893, 4391, 2200]"
1443,"[656, 1506]"
1444,[]
1445,[]
1446,[]
1447,[]
1448,[]
1449,[]
1450,"[1543, 1813]"
1451,[]
1452,[]
1453,[356]
1454,[]
1455,[]
1456,[]
1457,[]
1458,[2606]
1459,[]
1460,[]
1461,[]
1462,[]
1463,[]
1464,[]
1465,[]
1466,[]
1467,"[1946, 5578]"
1468,[]
1469,"[1010, 5492]"
1470,[]
1471,[]
1472,[]
1473,[]
1474,[2854]
1475,[5492]
1476,[]
1477,"[300, 743]"
1478,[]
1479,[859]
1480,[]
1481,[746]
1482,[]
1483,[]
1484,[]
1485,[]
1486,[]
1487,[]
1488,[]
1489,[]
1490,[]
1491,[]
1492,[]
1493,[]
1494,[]
1495,[]
1496,[]
1497,[]
1498,"[671, 5875]"
1499,[]
1500,[]
1501,[]
1502,[]
1503,"[3958, 3286, 740]"
1504,[440]
1505,[2969]
1506,[]
1507,[]
1508,[2136]
1509,"[2868, 2172]"
1510,[4991]
1511,[4664]
1512,[5391]
1513,[]
1514,[]
1515,[]
1516,[]
1517,[]
1518,"[2548, 1726]"
1519,[315]
1520,[]
1521,[]
1522,[]
1523,"[1134, 4768, 1353]"
1524,[]
1525,[]
1526,[]
1527,[]
1528,[2174]
1529,[]
1530,[]
1531,"[4946, 4233]"
1532,"[180, 1453]"
1533,[1112]
1534,[]
1535,[]
1536,[102]
1537,[]
1538,[]
1539,[]
1540,"[1010, 5492]"
1541,[]
1542,"[4542, 3311]"
1543,[]
1544,[]
1545,[]
1546,[]
1547,[]
1548,"[1898, 5909]"
1549,[]
1550,[]
1551,[859]
1552,"[5823, 621, 4111, 4011, 3684]"
1553,[]
1554,"[4770, 5206]"
1555,[671]
1556,"[4233, 4946]"
1557,[1897]
1558,"[4111, 4011, 3684, 5823]"
1559,[3550]
1560,[]
1561,[]
1562,[]
1563,[]
1564,"[728, 4196]"
1565,[]
1566,[]
1567,[]
1568,[]
1569,[]
1570,[]
1571,[]
1572,[]
1573,[]
1574,[]
1575,[5662]
1576,[]
1577,[]
1578,"[3841, 2421]"
1579,[4202]
1580,[]
1581,[]
1582,[]
1583,"[2352, 715]"
1584,[]
1585,[]
1586,[]
1587,[]
1588,[1067]
1589,[]
1590,[]
1591,[]
1592,[746]
1593,[4148]
1594,"[75, 2679]"
1595,[]
1596,[]
1597,[]
1598,[]
1599,[]
1600,[]
1601,"[1044, 2184]"
1602,[]
1603,"[3573, 1569, 1067]"
1604,[1580]
1605,[]
1606,[]
1607,[]
1608,"[4493, 1208, 523]"
1609,[3583]
1610,[]
1611,[]
1612,"[671, 5875]"
1613,[]
1614,[]
1615,[]
1616,[746]
1617,[]
1618,[]
1619,[]
1620,[2969]
1621,"[672, 5893, 2761, 3808, 3157]"
1622,[]
1623,[4148]
1624,[]
1625,[]
1626,[1530]
1627,[]
1628,[2679]
1629,[]
1630,[]
1631,[4754]
1632,[]
1633,[]
1634,[]
1635,[]
1636,"[656, 1506]"
1637,[]
1638,[]
1639,[]
1640,[2933]
1641,[497]
1642,[]
1643,[]
1644,[3608]
1645,[]
1646,[]
1647,[]
1648,[1506]
1649,[1325]
1650,[]
1651,[]
1652,[]
1653,[3083]
1654,[1067]
1655,[1835]
1656,[]
1657,[1141]
1658,[]
1659,[]
1660,[4507]
1661,[]
1662,[]
1663,[]
1664,[]
1665,[]
1666,[1652]
1667,[]
1668,[]
1669,[]
1670,"[2058, 3885]"
1671,[]
1672,[]
1673,[]
1674,[]
1675,[4897]
1676,[]
1677,[5578]
1678,[]
1679,[]
1680,[]
1681,[]
1682,"[2973, 53]"
1683,[]
1684,[]
1685,[]
1686,[]
1687,[]
1688,[]
1689,[]
1690,[]
1691,[]
1692,[]
1693,[]
1694,[]
1695,[2103]
1696,[5875]
1697,[]
1698,[]
1699,[]
1700,[]
1701,[]
1702,[]
1703,[]
1704,"[1921, 3621]"
1705,[]
1706,[3863]
1707,[1897]
1708,[]
1709,[]
1710,[]
1711,[]
1712,[]
1713,"[3462, 4280]"
1714,[]
1715,[]
1716,[]
1717,[]
1718,[]
1719,[1946]
1720,[]
1721,[887]
1722,[4196]
1723,[]
1724,[]
1725,[3415]
1726,[]
1727,[]
1728,[]
1729,[]
1730,[]
1731,"[5682, 1588, 350, 991]"
1732,[2339]
1733,[]
1734,[859]
1735,[]
1736,[]
1737,[]
1738,[]
1739,"[3286, 3958, 740]"
1740,[]
1741,[]
1742,[]
1743,[3981]
1744,[5540]
1745,[]
1746,[]
1747,[]
1748,[]
1749,[]
1750,[]
1751,[]
1752,[]
1753,[]
1754,[]
1755,[]
1756,[]
1757,"[4722, 311, 1673, 5006]"
1758,[]
1759,[]
1760,[]
1761,[3635]
1762,"[4522, 2805]"
1763,[]
1764,[]
1765,[]
1766,[]
1767,[]
1768,"[4991, 440]"
1769,[]
1770,[2136]
1771,[]
1772,[5294]
1773,[]
1774,[4991]
1775,[]
1776,[]
1777,[]
1778,[]
1779,[]
1780,[]
1781,[]
1782,[]
1783,[5849]
1784,[]
1785,"[2170, 5893, 3374, 434]"
1786,[3808]
1787,[]
1788,"[4233, 4946]"
1789,[3164]
1790,[]
1791,[]
1792,[2969]
1793,[]
1794,[]
1795,[4896]
1796,[2262]
1797,[]
1798,[]
1799,[]
1800,[]
1801,[]
1802,[]
1803,[]
1804,[]
1805,[]
1806,[2244]
1807,[3083]
1808,[600]
1809,[]
1810,[]
1811,[1897]
1812,[]
1813,[]
1814,[]
1815,[]
1816,[]
1817,[]
1818,[]
1819,[4897]
1820,[]
1821,[]
1822,[]
1823,[]
1824,[]
1825,[1545]
1826,[300]
1827,[]
1828,[]
1829,[]
1830,[]
1831,[]
1832,[]
1833,[]
1834,[]
1835,[]
1836,"[4493, 523]"
1837,"[204, 5917, 691]"
1838,[740]
1839,"[3554, 617]"
1840,[]
1841,[]
1842,[903]
1843,[]
1844,[]
1845,[]
1846,[3300]
1847,[4060]
1848,[]
1849,[]
1850,[]
1851,[5578]
1852,[]
1853,[]
1854,[]
1855,[]
1856,[]
1857,[859]
1858,[]
1859,[5739]
1860,[]
1861,[]
1862,[1652]
1863,[2969]
1864,[]
1865,[]
1866,[]
1867,[]
1868,[]
1869,[]
1870,[363]
1871,"[2907, 354]"
1872,[]
1873,[4522]
1874,[]
1875,[]
1876,[]
1877,[]
1878,[]
1879,[]
1880,[3057]
1881,[]
1882,"[5875, 671]"
1883,[]
1884,[]
1885,[]
1886,[]
1887,[]
1888,[4542]
1889,[]
1890,"[1985, 5853, 2665, 149, 5372]"
1891,[]
1892,"[354, 5500]"
1893,[859]
1894,[]
1895,[]
1896,[2103]
1897,[]
1898,[2630]
1899,[]
1900,[]
1901,[]
1902,[746]
1903,[1652]
1904,[4384]
1905,[]
1906,[]
1907,[363]
1908,[]
1909,[]
1910,[]
1911,[]
1912,[363]
1913,[]
1914,[]
1915,[1044]
1916,[]
1917,[]
1918,"[1109, 3528]"
1919,[4625]
1920,[]
1921,[]
1922,[4625]
1923,"[836, 2605]"
1924,[]
1925,[]
1926,[]
1927,[2103]
1928,[1379]
1929,[2058]
1930,[]
1931,[]
1932,[102]
1933,[138]
1934,[]
1935,"[2388, 3197]"
1936,[]
1937,"[4011, 4111, 621, 3684, 5823]"
1938,[]
1939,[]
1940,[]
1941,[]
1942,[5846]
1943,[3170]
1944,[]
1945,[]
1946,[]
1947,[4897]
1948,[]
1949,[]
1950,"[671, 5875]"
1951,"[1347, 1583]"
1952,[4233]
1953,[]
1954,[]
1955,[]
1956,"[3543, 3607, 2561]"
1957,[5216]
1958,[]
1959,[]
1960,[]
1961,[]
1962,"[5853, 2665, 5372, 149]"
1963,[]
1964,[4060]
1965,[]
1966,[]
1967,[]
1968,[]
1969,[]
1970,[5682]
1971,[440]
1972,[]
1973,[]
1974,[]
1975,[]
1976,[671]
1977,[]
1978,[3958]
1979,[]
1980,[]
1981,[]
1982,[]
1983,[]
1984,[]
1985,[]
1986,[]
1987,[]
1988,[3550]
1989,[]
1990,[]
1991,[]
1992,[]
1993,[]
1994,[]
1995,[]
1996,[]
1997,[]
1998,[3447]
1999,[]
2000,[]
2001,[]
2002,[2969]
2003,[]
2004,[]
2005,[]
2006,[]
2007,[]
2008,[]
2009,"[5372, 5853, 2665, 149]"
2010,"[4063, 1854]"
2011,[]
2012,[]
2013,[]
2014,[]
2015,[363]
2016,[]
2017,[]
2018,[]
2019,[]
2020,[]
2021,[]
2022,[]
2023,[]
2024,[]
2025,[]
2026,[]
2027,[]
2028,[]
2029,[2422]
2030,[]
2031,[]
2032,[]
2033,[]
2034,[356]
2035,[]
2036,[]
2037,[]
2038,[]
2039,[]
2040,"[3543, 2561, 1390, 3607]"
2041,[]
2042,[]
2043,[]
2044,"[102, 2573]"
2045,[]
2046,[]
2047,[2170]
2048,[]
2049,"[151, 783]"
2050,[3684]
2051,[]
2052,[]
2053,[2643]
2054,[]
2055,[]
2056,[]
2057,[]
2058,"[5372, 5853, 149, 1985]"
2059,[2229]
2060,[]
2061,"[4084, 4415]"
2062,[]
2063,[]
2064,[]
2065,[]
2066,[4038]
2067,[]
2068,[102]
2069,[5200]
2070,[]
2071,[]
2072,"[523, 1208]"
2073,[]
2074,[1324]
2075,[]
2076,"[3447, 4664]"
2077,[3891]
2078,[]
2079,[]
2080,[2907]
2081,[]
2082,[]
2083,[]
2084,[]
2085,"[1304, 3049]"
2086,[]
2087,"[1709, 734]"
2088,[]
2089,[]
2090,[]
2091,[363]
2092,[]
2093,[]
2094,[]
2095,[]
2096,[]
2097,[]
2098,[2427]
2099,[2123]
2100,[]
2101,[]
2102,[]
2103,[201]
2104,[]
2105,[4368]
2106,[]
2107,[]
2108,[]
2109,[]
2110,[]
2111,[3415]
2112,[1750]
2113,[]
2114,[]
2115,[]
2116,[]
2117,[356]
2118,[]
2119,[802]
2120,[237]
2121,[]
2122,[]
2123,[363]
2124,[]
2125,[]
2126,[]
2127,[]
2128,"[356, 3614]"
2129,[]
2130,[]
2131,[]
2132,[4991]
2133,[]
2134,[]
2135,[]
2136,[]
2137,[]
2138,[]
2139,[]
2140,"[149, 2665, 5372]"
2141,[1580]
2142,[2597]
2143,"[2328, 5336]"
2144,[]
2145,[4897]
2146,[859]
2147,[]
2148,[]
2149,[]
2150,[]
2151,[5661]
2152,[3625]
2153,[]
2154,[]
2155,[]
2156,[4395]
2157,"[3573, 1569]"
2158,"[621, 5823]"
2159,[]
2160,[]
2161,[]
2162,[]
2163,"[4991, 440]"
2164,[]
2165,[2670]
2166,[]
2167,[]
2168,[5875]
2169,[87]
2170,[]
2171,[]
2172,[]
2173,[]
2174,[]
2175,[]
2176,[]
2177,[3170]
2178,[]
2179,[]
2180,[2843]
2181,[]
2182,[]
2183,[]
2184,[356]
2185,[]
2186,[]
2187,[]
2188,[]
2189,[4024]
2190,"[1109, 3528]"
2191,[4871]
2192,"[3300, 4287]"
2193,[]
2194,[]
2195,[4871]
2196,[]
2197,[]
2198,[]
2199,[238]
2200,[1569]
2201,[]
2202,[2597]
2203,[]
2204,[363]
2205,"[5823, 4111]"
2206,[5294]
2207,[]
2208,[]
2209,[363]
2210,[]
2211,[]
2212,[]
2213,"[2504, 561, 3655, 691]"
2214,[2907]
2215,[]
2216,[]
2217,[]
2218,[]
2219,[]
2220,[]
2221,[]
2222,[]
2223,[]
2224,[]
2225,[]
2226,"[2868, 2172]"
2227,[]
2228,[1739]
2229,[]
2230,[]
2231,[]
2232,[4514]
2233,[]
2234,[]
2235,[]
2236,[]
2237,[]
2238,[]
2239,[]
2240,[]
2241,[]
2242,[]
2243,[]
2244,[]
2245,[]
2246,[]
2247,[]
2248,[]
2249,[]
2250,[]
2251,[]
2252,[4366]
2253,[1898]
2254,[]
2255,"[4664, 3447]"
2256,[]
2257,[]
2258,[1112]
2259,[]
2260,[]
2261,[]
2262,[]
2263,[4366]
2264,"[356, 3614]"
2265,[]
2266,[]
2267,[]
2268,[]
2269,[]
2270,[]
2271,[]
2272,[]
2273,[238]
2274,[5146]
2275,[]
2276,[]
2277,[]
2278,[]
2279,[]
2280,[]
2281,[]
2282,[]
2283,[]
2284,[]
2285,[]
2286,[]
2287,[4897]
2288,"[774, 4119]"
2289,"[3273, 4397, 4123, 1887, 5114, 2157]"
2290,[2521]
2291,[]
2292,[2103]
2293,[978]
2294,"[354, 5500]"
2295,[]
2296,[]
2297,[105]
2298,[]
2299,"[991, 5682, 350]"
2300,[]
2301,[]
2302,[4494]
2303,[2216]
2304,[]
2305,[5194]
2306,[]
2307,[]
2308,[]
2309,"[2642, 507]"
2310,[991]
2311,[]
2312,[]
2313,[]
2314,[]
2315,[]
2316,[]
2317,[]
2318,[850]
2319,[]
2320,[3035]
2321,[]
2322,[]
2323,[]
2324,[]
2325,[5194]
2326,[]
2327,[]
2328,[]
2329,[]
2330,[]
2331,[]
2332,[5582]
2333,[]
2334,[2868]
2335,[]
2336,[4060]
2337,[]
2338,[]
2339,[5031]
2340,[]
2341,[]
2342,[]
2343,[2805]
2344,[]
2345,[]
2346,[656]
2347,[]
2348,"[3958, 740]"
2349,[2103]
2350,[]
2351,[]
2352,[]
2353,[2800]
2354,[]
2355,[]
2356,[]
2357,[]
2358,[]
2359,[]
2360,[2103]
2361,[]
2362,[]
2363,[1897]
2364,"[1569, 3573, 1067]"
2365,[]
2366,[]
2367,[]
2368,[]
2369,[]
2370,[]
2371,[]
2372,[]
2373,[5578]
2374,"[4946, 4233]"
2375,[]
2376,[]
2377,[]
2378,[]
2379,[2229]
2380,"[354, 5500, 2907]"
2381,[]
2382,[]
2383,"[4726, 4187]"
2384,[]
2385,[]
2386,[]
2387,[]
2388,"[567, 5492]"
2389,[]
2390,[]
2391,[]
2392,[]
2393,[]
2394,[]
2395,[]
2396,[]
2397,[]
2398,[]
2399,[]
2400,[2899]
2401,[]
2402,[523]
2403,[]
2404,[5682]
2405,[]
2406,[]
2407,[]
2408,[3170]
2409,[]
2410,[4897]
2411,[]
2412,[]
2413,[]
2414,[]
2415,[]
2416,[238]
2417,[]
2418,[]
2419,[3808]
2420,[]
2421,[]
2422,[]
2423,[]
2424,[]
2425,[4233]
2426,[2868]
2427,[]
2428,[4024]
2429,[]
2430,[5516]
2431,[]
2432,[]
2433,[]
2434,[]
2435,[4370]
2436,"[5823, 621, 4011, 4111]"
2437,[30]
2438,"[4438, 1500]"
2439,[3430]
2440,[2868]
2441,[1750]
2442,[]
2443,[2074]
2444,[]
2445,[]
2446,[]
2447,[]
2448,[]
2449,[]
2450,[]
2451,[]
2452,[]
2453,[]
2454,[]
2455,[]
2456,"[621, 4111, 5823, 4011]"
2457,[]
2458,[]
2459,[]
2460,[]
2461,[4336]
2462,[]
2463,[]
2464,[4366]
2465,[4119]
2466,[2103]
2467,[]
2468,"[3619, 75]"
2469,[]
2470,[]
2471,[]
2472,"[4233, 4946]"
2473,[]
2474,[]
2475,[30]
2476,[]
2477,[]
2478,[]
2479,[]
2480,[]
2481,[497]
2482,[]
2483,[]
2484,"[621, 4011, 3684, 5823, 4111]"
2485,[]
2486,[]
2487,[]
2488,[]
2489,[]
2490,[]
2491,[]
2492,[1132]
2493,[]
2494,"[4370, 2244]"
2495,[]
2496,[]
2497,[]
2498,[]
2499,[]
2500,[4507]
2501,[]
2502,[]
2503,[]
2504,[850]
2505,[]
2506,[3286]
2507,[]
2508,[671]
2509,[]
2510,"[5875, 671]"
2511,[849]
2512,[]
2513,[]
2514,[]
2515,[]
2516,[]
2517,[2519]
2518,[]
2519,[]
2520,[]
2521,"[354, 5500, 2907]"
2522,[]
2523,[]
2524,[]
2525,"[1456, 4119]"
2526,[5875]
2527,[363]
2528,"[5537, 2901, 332]"
2529,[]
2530,[]
2531,[]
2532,[]
2533,[]
2534,[]
2535,[]
2536,[]
2537,[]
2538,[2597]
2539,[2726]
2540,[]
2541,[]
2542,[]
2543,[]
2544,[]
2545,[746]
2546,[]
2547,[]
2548,[]
2549,[]
2550,[]
2551,[4946]
2552,"[4815, 2761]"
2553,[]
2554,[]
2555,[]
2556,[]
2557,[]
2558,[2229]
2559,[]
2560,[]
2561,[]
2562,[]
2563,[]
2564,[]
2565,[]
2566,[]
2567,[]
2568,[]
2569,[]
2570,[1656]
2571,[]
2572,[]
2573,[]
2574,[]
2575,"[2661, 5161]"
2576,[]
2577,[903]
2578,[]
2579,[]
2580,"[354, 5500, 2907]"
2581,[]
2582,[]
2583,[]
2584,[]
2585,[]
2586,[]
2587,[]
2588,[]
2589,[]
2590,[]
2591,[]
2592,[]
2593,[]
2594,[]
2595,[2864]
2596,[]
2597,"[4119, 1456, 774]"
2598,[]
2599,[]
2600,[]
2601,[]
2602,[]
2603,[]
2604,[]
2605,[]
2606,[]
2607,[]
2608,[]
2609,[]
2610,[]
2611,"[102, 2573]"
2612,[]
2613,[]
2614,[]
2615,[]
2616,[]
2617,[]
2618,"[347, 1203]"
2619,[]
2620,[2548]
2621,[903]
2622,[]
2623,[]
2624,[]
2625,[4148]
2626,[]
2627,[]
2628,[]
2629,"[4370, 2244]"
2630,[]
2631,[]
2632,[]
2633,[]
2634,"[2561, 1390, 3607]"
2635,[]
2636,[]
2637,[]
2638,[]
2639,[]
2640,[]
2641,[]
2642,[]
2643,[]
2644,[]
2645,[]
2646,[]
2647,[4507]
2648,[]
2649,[4507]
2650,[]
2651,"[5372, 5853, 1985, 149]"
2652,[]
2653,[]
2654,[]
2655,[4871]
2656,[]
2657,[]
2658,"[5372, 2665, 5853]"
2659,[]
2660,[]
2661,[]
2662,[]
2663,[]
2664,"[654, 2525]"
2665,[]
2666,[]
2667,[]
2668,[]
2669,[]
2670,[]
2671,[]
2672,[]
2673,[]
2674,[]
2675,[]
2676,"[859, 1852, 977, 1848, 256]"
2677,[]
2678,[]
2679,"[4038, 4024]"
2680,[]
2681,[]
2682,[]
2683,[]
2684,[]
2685,[]
2686,[]
2687,[]
2688,[]
2689,[]
2690,"[5500, 2907]"
2691,[]
2692,[]
2693,[]
2694,[]
2695,[1652]
2696,[]
2697,[]
2698,[]
2699,[5116]
2700,[]
2701,"[1385, 3741]"
2702,[]
2703,[]
2704,[]
2705,[]
2706,"[4365, 2661]"
2707,[]
2708,[]
2709,[]
2710,[]
2711,[]
2712,[]
2713,"[2548, 1726]"
2714,[]
2715,[]
2716,[]
2717,[]
2718,[]
2719,[]
2720,[]
2721,[]
2722,"[4119, 774, 1456]"
2723,[]
2724,[]
2725,[]
2726,[]
2727,[2670]
2728,[3808]
2729,"[4748, 4754]"
2730,[]
2731,[]
2732,"[1659, 2891]"
2733,[]
2734,[]
2735,[4311]
2736,[]
2737,[]
2738,[]
2739,[]
2740,[]
2741,[]
2742,[]
2743,[]
2744,[]
2745,[]
2746,[1985]
2747,[]
2748,[]
2749,[]
2750,[]
2751,[]
2752,[]
2753,[]
2754,[]
2755,[]
2756,[]
2757,[]
2758,[]
2759,[3028]
2760,[]
2761,[]
2762,[]
2763,[]
2764,[]
2765,[]
2766,[]
2767,[]
2768,[]
2769,[]
2770,[2864]
2771,[2597]
2772,[]
2773,[]
2774,[]
2775,"[4111, 3684, 5823, 621, 4011]"
2776,[]
2777,[]
2778,[]
2779,[]
2780,[]
2781,[]
2782,[]
2783,[]
2784,[5909]
2785,[]
2786,[]
2787,[]
2788,"[5500, 354]"
2789,"[1500, 4438]"
2790,[]
2791,[]
2792,"[4011, 3684, 4111, 621, 5823]"
2793,[]
2794,[]
2795,[]
2796,[]
2797,[4233]
2798,[]
2799,[]
2800,[]
2801,[]
2802,[]
2803,[]
2804,[4024]
2805,[]
2806,[]
2807,"[4365, 5161, 2661]"
2808,[]
2809,[]
2810,[]
2811,[]
2812,[]
2813,[]
2814,[]
2815,[]
2816,[]
2817,[]
2818,[]
2819,"[5517, 2203, 2376, 1188]"
2820,[]
2821,[]
2822,[363]
2823,[]
2824,[]
2825,[]
2826,[]
2827,[2342]
2828,[]
2829,[]
2830,[]
2831,[]
2832,[]
2833,[]
2834,[]
2835,[4370]
2836,[]
2837,[4611]
2838,[]
2839,[1547]
2840,[]
2841,[]
2842,[]
2843,[4391]
2844,[]
2845,[]
2846,[]
2847,[]
2848,[]
2849,[746]
2850,[]
2851,[]
2852,[]
2853,[]
2854,[]
2855,[]
2856,[]
2857,[]
2858,[4794]
2859,[]
2860,[]
2861,"[952, 4084, 4415]"
2862,[671]
2863,"[1005, 4923]"
2864,[3808]
2865,[1652]
2866,[]
2867,[2172]
2868,[3415]
2869,[363]
2870,[]
2871,"[434, 2170, 4391]"
2872,[]
2873,[]
2874,[]
2875,[]
2876,[746]
2877,[]
2878,[]
2879,[]
2880,[]
2881,[3950]
2882,[]
2883,[]
2884,[]
2885,[]
2886,[]
2887,[]
2888,[]
2889,[]
2890,[]
2891,"[1813, 1543]"
2892,[]
2893,[]
2894,"[354, 5500]"
2895,[]
2896,[]
2897,"[1456, 774]"
2898,[]
2899,[]
2900,[]
2901,[4024]
2902,[]
2903,[1479]
2904,[]
2905,[3459]
2906,[]
2907,[]
2908,[]
2909,[]
2910,[]
2911,[]
2912,[3820]
2913,"[1833, 2601]"
2914,"[5500, 354, 2907]"
2915,[238]
2916,[5471]
2917,[]
2918,"[4119, 1456, 774]"
2919,[]
2920,[1750]
2921,[]
2922,[]
2923,[]
2924,[]
2925,[2548]
2926,[]
2927,[]
2928,"[4024, 4038]"
2929,[4507]
2930,[]
2931,[523]
2932,[]
2933,[]
2934,[4733]
2935,[]
2936,[]
2937,[2597]
2938,[]
2939,[]
2940,[]
2941,[4871]
2942,[]
2943,[]
2944,[]
2945,"[2907, 5500]"
2946,[]
2947,[]
2948,[]
2949,[]
2950,[]
2951,[4060]
2952,"[3182, 1190]"
2953,[]
2954,[]
2955,[4542]
2956,"[2548, 1726]"
2957,[2277]
2958,[105]
2959,[215]
2960,[]
2961,[]
2962,[]
2963,"[1134, 2477]"
2964,[]
2965,"[416, 4241]"
2966,[3583]
2967,[]
2968,"[1456, 4119, 774]"
2969,[]
2970,[]
2971,[]
2972,[]
2973,[]
2974,[]
2975,[]
2976,[]
2977,[]
2978,[]
2979,[]
2980,[]
2981,[]
2982,[]
2983,[]
2984,[]
2985,[]
2986,[3808]
2987,[]
2988,[]
2989,[]
2990,[]
2991,[]
2992,[2561]
2993,[]
2994,"[2427, 2422]"
2995,[]
2996,[]
2997,[]
2998,[]
2999,[]
3000,[]
3001,[5336]
3002,[]
3003,"[4493, 523]"
3004,[]
3005,[]
3006,[]
3007,[4886]
3008,[]
3009,[]
3010,[]
3011,[]
3012,[]
3013,[]
3014,[]
3015,[]
3016,[]
3017,"[773, 5895, 2588, 2172]"
3018,[]
3019,[]
3020,[2834]
3021,[2074]
3022,[]
3023,[]
3024,[]
3025,[]
3026,[]
3027,[]
3028,[3808]
3029,[4935]
3030,[3311]
3031,[]
3032,"[3786, 672, 1170, 2761, 3808, 3157, 5893]"
3033,[]
3034,"[4365, 2661]"
3035,"[5161, 2661]"
3036,[]
3037,[]
3038,[]
3039,[4366]
3040,[]
3041,[4366]
3042,[]
3043,[]
3044,[]
3045,[]
3046,[]
3047,[306]
3048,[]
3049,[]
3050,[1739]
3051,"[1080, 3170]"
3052,[]
3053,[4946]
3054,[]
3055,[105]
3056,[]
3057,[]
3058,[]
3059,[256]
3060,[]
3061,[]
3062,[4565]
3063,[]
3064,[]
3065,[]
3066,"[2661, 4365, 5161]"
3067,"[4991, 440]"
3068,[]
3069,[]
3070,[2854]
3071,[238]
3072,[]
3073,[2969]
3074,"[3698, 924]"
3075,[2679]
3076,"[1276, 5007, 5537]"
3077,[]
3078,"[4886, 1839]"
3079,[]
3080,[4490]
3081,[]
3082,[4886]
3083,[]
3084,[]
3085,[]
3086,[]
3087,[]
3088,[]
3089,[]
3090,[671]
3091,[]
3092,[]
3093,[]
3094,[]
3095,[]
3096,"[5372, 149]"
3097,[]
3098,[]
3099,[]
3100,[]
3101,"[656, 1506]"
3102,[]
3103,[]
3104,[363]
3105,[]
3106,[]
3107,[4391]
3108,[]
3109,[]
3110,[]
3111,[]
3112,"[354, 5500, 2907]"
3113,[]
3114,[497]
3115,[]
3116,[]
3117,[]
3118,[]
3119,[]
3120,[]
3121,[]
3122,[]
3123,[3863]
3124,[5316]
3125,"[1515, 2007, 1534]"
3126,[]
3127,[]
3128,[]
3129,"[102, 2573]"
3130,[]
3131,[]
3132,[]
3133,[]
3134,[]
3135,[]
3136,[]
3137,"[4119, 1456]"
3138,[]
3139,[4196]
3140,[]
3141,[]
3142,[3170]
3143,"[5853, 328]"
3144,[]
3145,[]
3146,[]
3147,[]
3148,[]
3149,[238]
3150,[]
3151,[]
3152,[]
3153,[]
3154,[]
3155,[2427]
3156,[]
3157,[]
3158,[]
3159,[2868]
3160,[]
3161,[]
3162,[]
3163,[]
3164,[]
3165,[75]
3166,[]
3167,[]
3168,[]
3169,"[1985, 2665, 5853, 149]"
3170,"[5372, 2665]"
3171,[]
3172,[2670]
3173,[]
3174,[]
3175,[]
3176,[30]
3177,[]
3178,[]
3179,[]
3180,[]
3181,[]
3182,[]
3183,[]
3184,[]
3185,[]
3186,[3523]
3187,[]
3188,[4038]
3189,[3959]
3190,[]
3191,[]
3192,[]
3193,[]
3194,[]
3195,[]
3196,[]
3197,[]
3198,[]
3199,[]
3200,[]
3201,[]
3202,[]
3203,"[2679, 75]"
3204,[]
3205,[]
3206,[]
3207,"[2200, 4391]"
3208,[]
3209,[]
3210,[]
3211,[984]
3212,[11]
3213,[]
3214,[]
3215,[]
3216,[]
3217,[5436]
3218,[]
3219,[]
3220,[]
3221,"[4365, 2661, 5161]"
3222,[]
3223,[227]
3224,[]
3225,[]
3226,[]
3227,[]
3228,[]
3229,[]
3230,[]
3231,[]
3232,[]
3233,"[5436, 757]"
3234,"[1839, 4886]"
3235,[]
3236,[]
3237,[]
3238,[]
3239,[]
3240,[]
3241,[]
3242,[5578]
3243,"[1067, 1569, 3573]"
3244,[]
3245,[5875]
3246,[]
3247,[]
3248,[]
3249,[5161]
3250,[2051]
3251,[]
3252,[]
3253,[]
3254,[]
3255,"[2525, 1592, 654]"
3256,[]
3257,[]
3258,[]
3259,[]
3260,[5628]
3261,[5436]
3262,"[1035, 410, 4542, 1046]"
3263,[5471]
3264,[4060]
3265,[]
3266,[]
3267,[3775]
3268,[]
3269,[]
3270,[1750]
3271,[]
3272,[]
3273,[]
3274,[]
3275,[]
3276,"[5161, 2661]"
3277,[]
3278,[]
3279,[450]
3280,[]
3281,[]
3282,[]
3283,[]
3284,[]
3285,[]
3286,[]
3287,[]
3288,[]
3289,[]
3290,[]
3291,[2772]
3292,[]
3293,[]
3294,"[2661, 5161, 4365]"
3295,[3808]
3296,[]
3297,[]
3298,[]
3299,[]
3300,[3625]
3301,[]
3302,[]
3303,[]
3304,[]
3305,[]
3306,[]
3307,[]
3308,[]
3309,[]
3310,[]
3311,[105]
3312,[]
3313,[]
3314,[]
3315,[]
3316,[]
3317,[]
3318,[]
3319,"[5853, 5372, 1985, 2665, 149]"
3320,[]
3321,[]
3322,[]
3323,"[1898, 5909]"
3324,[]
3325,[4148]
3326,"[4111, 4011]"
3327,[]
3328,[1208]
3329,[]
3330,[]
3331,[]
3332,[]
3333,[]
3334,[]
3335,[]
3336,"[3300, 4287]"
3337,[]
3338,"[1827, 2216]"
3339,[]
3340,"[5510, 5970]"
3341,[]
3342,[]
3343,[]
3344,"[2331, 1044, 2184]"
3345,[]
3346,[2415]
3347,[]
3348,[]
3349,[3808]
3350,[]
3351,[]
3352,[]
3353,[]
3354,"[2907, 354]"
3355,[]
3356,[]
3357,[4366]
3358,[]
3359,[2772]
3360,[]
3361,[]
3362,[]
3363,[184]
3364,[3981]
3365,[]
3366,[]
3367,"[924, 3698]"
3368,[4494]
3369,[]
3370,[]
3371,[23]
3372,[]
3373,[]
3374,[1080]
3375,[]
3376,[]
3377,[]
3378,[]
3379,[]
3380,[]
3381,[]
3382,[]
3383,[]
3384,[]
3385,[1450]
3386,[]
3387,[]
3388,[3415]
3389,[]
3390,[]
3391,[]
3392,[2339]
3393,[]
3394,[]
3395,[]
3396,"[4011, 3684, 5823, 621]"
3397,[]
3398,[4311]
3399,[358]
3400,[]
3401,[]
3402,[]
3403,[]
3404,[]
3405,[]
3406,[]
3407,[]
3408,[]
3409,[]
3410,[2058]
3411,[]
3412,[]
3413,[]
3414,[]
3415,[]
3416,[4473]
3417,[]
3418,[]
3419,[]
3420,[5459]
3421,[]
3422,[]
3423,[]
3424,[]
3425,[]
3426,[]
3427,"[2805, 4522]"
3428,[2772]
3429,[]
3430,[]
3431,[]
3432,[746]
3433,[]
3434,[363]
3435,[5436]
3436,"[5853, 2665, 149, 5372, 1985]"
3437,[]
3438,[]
3439,[]
3440,[]
3441,[]
3442,[]
3443,[]
3444,[]
3445,[]
3446,[]
3447,[4366]
3448,[4148]
3449,[]
3450,[]
3451,[4946]
3452,"[757, 5436]"
3453,[]
3454,[]
3455,[]
3456,[]
3457,[]
3458,[]
3459,[]
3460,[]
3461,[1456]
3462,[]
3463,[]
3464,[]
3465,[]
3466,[]
3467,[]
3468,[]
3469,[]
3470,[]
3471,[]
3472,[]
3473,"[991, 5682]"
3474,[746]
3475,[]
3476,[]
3477,[]
3478,[]
3479,[]
3480,[]
3481,[]
3482,[]
3483,[]
3484,[]
3485,[]
3486,[1080]
3487,[]
3488,"[2933, 5540, 4212, 559, 5282, 1568]"
3489,[]
3490,[]
3491,[]
3492,[]
3493,[]
3494,[2726]
3495,[4991]
3496,[]
3497,[]
3498,[]
3499,[]
3500,[]
3501,"[256, 1852, 977]"
3502,"[5161, 2661, 4365]"
3503,[]
3504,[]
3505,[]
3506,[4233]
3507,[]
3508,[]
3509,[]
3510,"[1884, 227]"
3511,[]
3512,[]
3513,[]
3514,[]
3515,[]
3516,[]
3517,[]
3518,[2679]
3519,[]
3520,[]
3521,[]
3522,[]
3523,[]
3524,[]
3525,[672]
3526,[]
3527,[820]
3528,[]
3529,"[3684, 4011, 621, 4111]"
3530,[]
3531,"[971, 2772]"
3532,[]
3533,[]
3534,[]
3535,[]
3536,[]
3537,[]
3538,[]
3539,[]
3540,[]
3541,[]
3542,[]
3543,[2597]
3544,[]
3545,"[1456, 5797]"
3546,[]
3547,[238]
3548,[]
3549,[]
3550,[]
3551,[]
3552,[]
3553,[]
3554,[]
3555,[]
3556,[160]
3557,[]
3558,[4760]
3559,[3415]
3560,[]
3561,[]
3562,[]
3563,[]
3564,[]
3565,[]
3566,[]
3567,[]
3568,[]
3569,[5391]
3570,[]
3571,[]
3572,[]
3573,[]
3574,[]
3575,[]
3576,[]
3577,[]
3578,[]
3579,"[227, 5301, 4829, 1614]"
3580,[]
3581,[1839]
3582,[]
3583,[160]
3584,[5823]
3585,[3170]
3586,[4233]
3587,[]
3588,[]
3589,[238]
3590,[]
3591,[2229]
3592,[3024]
3593,[5875]
3594,[]
3595,[]
3596,[1897]
3597,[]
3598,[]
3599,[300]
3600,[]
3601,[]
3602,[]
3603,[75]
3604,[]
3605,[]
3606,[]
3607,[]
3608,"[2772, 971]"
3609,[]
3610,[]
3611,[]
3612,[]
3613,[]
3614,"[5206, 4770]"
3615,[]
3616,[4429]
3617,[]
3618,[]
3619,[4233]
3620,"[923, 3867]"
3621,[]
3622,[774]
3623,[]
3624,[]
3625,[]
3626,[]
3627,[]
3628,[]
3629,[]
3630,[]
3631,"[523, 4493]"
3632,[]
3633,[]
3634,[]
3635,"[2561, 1390, 3607]"
3636,[]
3637,"[2772, 971]"
3638,[]
3639,"[4233, 4946]"
3640,[]
3641,[]
3642,[]
3643,[]
3644,[]
3645,"[2172, 2868]"
3646,[]
3647,[]
3648,[4017]
3649,[]
3650,[]
3651,"[2715, 5202, 992, 880]"
3652,[]
3653,[]
3654,[]
3655,[]
3656,[3170]
3657,"[1456, 4119]"
3658,[416]
3659,[746]
3660,[]
3661,[4897]
3662,[]
3663,[]
3664,"[1987, 4011, 3882]"
3665,[2521]
3666,[5436]
3667,[]
3668,[903]
3669,[]
3670,[]
3671,[2427]
3672,"[2503, 2396]"
3673,[1827]
3674,[763]
3675,[]
3676,[2200]
3677,[]
3678,[]
3679,[]
3680,[]
3681,[5578]
3682,[363]
3683,"[3542, 878, 2757, 2007, 1515]"
3684,[]
3685,[]
3686,[]
3687,[]
3688,[]
3689,[]
3690,[]
3691,[]
3692,[]
3693,[4196]
3694,[]
3695,[]
3696,[]
3697,[]
3698,[]
3699,[]
3700,[4897]
3701,"[56, 3576, 2559]"
3702,[]
3703,[]
3704,[]
3705,"[256, 1852]"
3706,[]
3707,[]
3708,[]
3709,[]
3710,[]
3711,[]
3712,[]
3713,[]
3714,[]
3715,[]
3716,"[3296, 2515]"
3717,[]
3718,[]
3719,[]
3720,[2477]
3721,[]
3722,[]
3723,[]
3724,[]
3725,[]
3726,[]
3727,[1109]
3728,[]
3729,[]
3730,[746]
3731,[]
3732,[]
3733,[]
3734,[]
3735,[]
3736,[]
3737,[2058]
3738,[]
3739,[]
3740,[]
3741,[]
3742,[]
3743,[]
3744,[]
3745,[]
3746,"[5578, 1946]"
3747,[]
3748,[]
3749,"[859, 1848]"
3750,[]
3751,"[4946, 4233]"
3752,[3467]
3753,[]
3754,[]
3755,[]
3756,[]
3757,[]
3758,[]
3759,[]
3760,[]
3761,"[2615, 713, 1290]"
3762,"[700, 4365, 4992]"
3763,[]
3764,[]
3765,[]
3766,[1194]
3767,[1419]
3768,[]
3769,[503]
3770,[]
3771,[]
3772,[757]
3773,"[774, 4119]"
3774,[]
3775,[]
3776,[1475]
3777,[]
3778,[]
3779,[]
3780,[]
3781,[]
3782,[]
3783,[]
3784,[3950]
3785,[]
3786,[]
3787,[]
3788,[]
3789,[5740]
3790,"[4094, 5970, 1083]"
3791,[]
3792,[]
3793,[]
3794,[728]
3795,[]
3796,[]
3797,"[2358, 4249, 2732]"
3798,[]
3799,[]
3800,[]
3801,[]
3802,[]
3803,[2103]
3804,[]
3805,[]
3806,[]
3807,[]
3808,[]
3809,"[844, 2759]"
3810,[]
3811,[1614]
3812,[159]
3813,[]
3814,[]
3815,[]
3816,[]
3817,[]
3818,[]
3819,[]
3820,"[3684, 621, 5823, 4011, 4111]"
3821,[]
3822,[]
3823,[238]
3824,[]
3825,[]
3826,[]
3827,[]
3828,[4886]
3829,[]
3830,[]
3831,[]
3832,[]
3833,[]
3834,[]
3835,[]
3836,[]
3837,[]
3838,[]
3839,[]
3840,[]
3841,[]
3842,[]
3843,"[2665, 149, 5372, 1985]"
3844,[]
3845,[1652]
3846,[3808]
3847,[]
3848,[]
3849,[]
3850,"[3286, 3958]"
3851,[]
3852,[]
3853,[]
3854,[]
3855,[]
3856,[]
3857,[497]
3858,[]
3859,[2573]
3860,[]
3861,[]
3862,[4119]
3863,[]
3864,[]
3865,[]
3866,[]
3867,[]
3868,"[5517, 2203, 2376]"
3869,[]
3870,[]
3871,[]
3872,[]
3873,"[2341, 4063]"
3874,[]
3875,[]
3876,[]
3877,[]
3878,[3024]
3879,"[4365, 5161, 2661]"
3880,[3808]
3881,[]
3882,[]
3883,[1852]
3884,[227]
3885,[]
3886,[]
3887,"[1583, 1347]"
3888,[]
3889,[]
3890,[]
3891,[]
3892,[]
3893,[4585]
3894,[]
3895,[]
3896,[]
3897,[238]
3898,[]
3899,[]
3900,[]
3901,[]
3902,"[1583, 1347]"
3903,[]
3904,[]
3905,[]
3906,[4024]
3907,[]
3908,[]
3909,"[728, 4196]"
3910,[]
3911,[]
3912,[]
3913,[]
3914,[]
3915,[]
3916,[1750]
3917,[]
3918,[]
3919,[]
3920,[]
3921,[5987]
3922,[238]
3923,[206]
3924,[1897]
3925,[5194]
3926,[451]
3927,[]
3928,[]
3929,[]
3930,[4545]
3931,[]
3932,[]
3933,[]
3934,[977]
3935,[369]
3936,[350]
3937,[]
3938,"[4011, 5823, 621, 3684, 4111]"
3939,[]
3940,[]
3941,[]
3942,[]
3943,[]
3944,"[1299, 1362]"
3945,[]
3946,[]
3947,[]
3948,[]
3949,"[1569, 1067, 3573]"
3950,[]
3951,[]
3952,[]
3953,[4312]
3954,[]
3955,[1652]
3956,[]
3957,[]
3958,[]
3959,[]
3960,[]
3961,[]
3962,[]
3963,[2103]
3964,[]
3965,[]
3966,"[4011, 3684, 621, 5823]"
3967,[]
3968,[]
3969,[]
3970,[]
3971,[]
3972,[]
3973,[]
3974,[1987]
3975,[]
3976,[]
3977,"[5120, 3360]"
3978,[]
3979,[]
3980,[]
3981,[102]
3982,[]
3983,[]
3984,[]
3985,[3521]
3986,[]
3987,[]
3988,[1197]
3989,[105]
3990,[1652]
3991,[4333]
3992,"[3142, 1603]"
3993,[]
3994,[]
3995,"[774, 4119, 1456]"
3996,[5591]
3997,[]
3998,[3775]
3999,[]
4000,[]
4001,[]
4002,[1846]
4003,[]
4004,[]
4005,[]
4006,[]
4007,[]
4008,[]
4009,[]
4010,[]
4011,[]
4012,[1502]
4013,[]
4014,[]
4015,[]
4016,[]
4017,[2523]
4018,[5852]
4019,[]
4020,[]
4021,[671]
4022,"[4233, 4946]"
4023,[]
4024,[]
4025,[]
4026,[4954]
4027,[]
4028,"[3061, 2023]"
4029,[]
4030,[]
4031,[]
4032,[]
4033,[]
4034,[4366]
4035,[238]
4036,[]
4037,[]
4038,"[757, 5436]"
4039,[4365]
4040,[]
4041,[]
4042,[]
4043,[]
4044,[]
4045,[]
4046,[]
4047,"[3790, 4659, 1846]"
4048,[]
4049,[]
4050,[]
4051,[]
4052,[]
4053,[]
4054,"[971, 2772]"
4055,[]
4056,[]
4057,[859]
4058,[]
4059,"[1884, 227]"
4060,[3682]
4061,[]
4062,[]
4063,[]
4064,[]
4065,[]
4066,[]
4067,[]
4068,[]
4069,[]
4070,[]
4071,[2103]
4072,[]
4073,[]
4074,[]
4075,[]
4076,[]
4077,"[4542, 3311]"
4078,"[1479, 3449]"
4079,[4202]
4080,[]
4081,"[227, 1884]"
4082,[]
4083,[]
4084,[]
4085,[]
4086,[]
4087,[]
4088,[]
4089,[3083]
4090,[]
4091,[]
4092,[]
4093,[]
4094,[]
4095,[]
4096,[]
4097,[]
4098,[]
4099,[]
4100,[]
4101,[]
4102,"[2744, 840]"
4103,[]
4104,[]
4105,[]
4106,[]
4107,[]
4108,[4064]
4109,[]
4110,[]
4111,[]
4112,[]
4113,[]
4114,[]
4115,[]
4116,"[971, 2772]"
4117,[]
4118,[]
4119,[]
4120,[]
4121,"[5400, 2764]"
4122,[]
4123,[]
4124,[3286]
4125,"[2023, 3061, 1318]"
4126,[]
4127,[2597]
4128,"[4659, 1846, 3790]"
4129,"[3286, 3958]"
4130,[]
4131,[]
4132,[]
4133,"[5032, 1543]"
4134,[]
4135,[]
4136,[]
4137,[]
4138,[4897]
4139,[]
4140,[]
4141,[]
4142,[3775]
4143,[5146]
4144,[]
4145,[]
4146,[2597]
4147,[4254]
4148,[]
4149,[]
4150,[]
4151,[]
4152,[]
4153,[]
4154,[1923]
4155,[]
4156,[]
4157,[]
4158,[]
4159,[1456]
4160,[1063]
4161,[451]
4162,[]
4163,[3698]
4164,[]
4165,[]
4166,"[3447, 4664]"
4167,[]
4168,[]
4169,[]
4170,[]
4171,"[3005, 3334, 2707, 664, 2584, 336]"
4172,[]
4173,[]
4174,[]
4175,[]
4176,[]
4177,[]
4178,[]
4179,[]
4180,[]
4181,[]
4182,[]
4183,[]
4184,[1948]
4185,[]
4186,[]
4187,[]
4188,[2895]
4189,[]
4190,[5116]
4191,[4545]
4192,"[2988, 823, 206, 2005]"
4193,[]
4194,[]
4195,[]
4196,[]
4197,[]
4198,[4366]
4199,[]
4200,[]
4201,[]
4202,[]
4203,[]
4204,"[3573, 1067, 1569]"
4205,[]
4206,[]
4207,[]
4208,[3518]
4209,[]
4210,[]
4211,[]
4212,"[227, 1884]"
4213,[]
4214,"[227, 5301]"
4215,[]
4216,[5032]
4217,[]
4218,[]
4219,[2621]
4220,[]
4221,[]
4222,[]
4223,[]
4224,[]
4225,[]
4226,[]
4227,[]
4228,[3415]
4229,[]
4230,[]
4231,[]
4232,[1502]
4233,"[4886, 1839]"
4234,[3808]
4235,[]
4236,[]
4237,[]
4238,[3614]
4239,[3808]
4240,[4148]
4241,[]
4242,[]
4243,[]
4244,[]
4245,[]
4246,[1850]
4247,[]
4248,"[357, 5467, 5842]"
4249,"[4814, 5956, 2988]"
4250,[4391]
4251,[]
4252,[]
4253,[1456]
4254,[]
4255,[]
4256,[3480]
4257,"[2665, 5853, 149]"
4258,[]
4259,[]
4260,[4473]
4261,[]
4262,[]
4263,[]
4264,[]
4265,[]
4266,[]
4267,"[1390, 3607]"
4268,"[4024, 4038]"
4269,[]
4270,[]
4271,[]
4272,[]
4273,[]
4274,[]
4275,[]
4276,[]
4277,"[1456, 4119, 774]"
4278,[]
4279,"[3614, 356]"
4280,[4844]
4281,[]
4282,[]
4283,[]
4284,[]
4285,[757]
4286,[1182]
4287,[]
4288,[]
4289,[]
4290,[]
4291,[]
4292,[]
4293,[4287]
4294,[]
4295,[]
4296,[]
4297,[]
4298,[]
4299,[]
4300,[]
4301,[]
4302,"[3542, 143, 2547, 3743]"
4303,[]
4304,[5002]
4305,[5730]
4306,"[354, 5500, 2907]"
4307,[]
4308,[3657]
4309,[]
4310,[]
4311,[]
4312,"[656, 1506]"
4313,[]
4314,[]
4315,[3444]
4316,[]
4317,[]
4318,[]
4319,[]
4320,[]
4321,[1839]
4322,[]
4323,[]
4324,[4794]
4325,[]
4326,[3841]
4327,[]
4328,[]
4329,[]
4330,[]
4331,[]
4332,[]
4333,[]
4334,[]
4335,[]
4336,[3597]
4337,"[4522, 2805]"
4338,[5730]
4339,[]
4340,[]
4341,[]
4342,[]
4343,[]
4344,[]
4345,[]
4346,[]
4347,[]
4348,[2422]
4349,[]
4350,[]
4351,"[3057, 4384]"
4352,[]
4353,[]
4354,[160]
4355,[2532]
4356,[]
4357,[2670]
4358,"[774, 4119, 1456]"
4359,[]
4360,[3024]
4361,[4897]
4362,[]
4363,[]
4364,"[5596, 1388]"
4365,[]
4366,[2100]
4367,[]
4368,"[215, 5227, 5085]"
4369,[]
4370,[]
4371,[]
4372,[]
4373,[]
4374,[1851]
4375,[4659]
4376,"[5436, 757]"
4377,[]
4378,[]
4379,"[3449, 1479]"
4380,"[4989, 3054]"
4381,[]
4382,[]
4383,[]
4384,[]
4385,[]
4386,[]
4387,[]
4388,[]
4389,[]
4390,[]
4391,[]
4392,[]
4393,[]
4394,[]
4395,[]
4396,[]
4397,[]
4398,[5846]
4399,[]
4400,[]
4401,[424]
4402,[]
4403,[]
4404,"[3334, 336]"
4405,[]
4406,[]
4407,[]
4408,[3808]
4409,[1691]
4410,[1750]
4411,[]
4412,[]
4413,[]
4414,[]
4415,[]
4416,[]
4417,[3170]
4418,[]
4419,[]
4420,[]
4421,[]
4422,[]
4423,[4366]
4424,[]
4425,[]
4426,[]
4427,[2515]
4428,[]
4429,[]
4430,"[265, 3054]"
4431,[]
4432,[667]
4433,[1409]
4434,[]
4435,[]
4436,[]
4437,[]
4438,[]
4439,[]
4440,[23]
4441,[]
4442,[5628]
4443,[]
4444,"[3597, 5846]"
4445,[971]
4446,[]
4447,[]
4448,[]
4449,[]
4450,"[27, 4862, 2786, 1917, 829]"
4451,[160]
4452,[]
4453,[]
4454,[]
4455,[]
4456,"[1985, 149, 2665]"
4457,[]
4458,[1268]
4459,[]
4460,[]
4461,[]
4462,[]
4463,[]
4464,[]
4465,[5730]
4466,[]
4467,[]
4468,[]
4469,[]
4470,[]
4471,"[4119, 774]"
4472,[4996]
4473,"[977, 1848, 1852]"
4474,[]
4475,[]
4476,[]
4477,[]
4478,"[2244, 4370]"
4479,"[3334, 2707]"
4480,[]
4481,[]
4482,[2764]
4483,[]
4484,[]
4485,[1750]
4486,[]
4487,[]
4488,[451]
4489,[]
4490,[]
4491,[1263]
4492,[]
4493,[]
4494,[]
4495,[]
4496,[]
4497,[]
4498,[]
4499,[]
4500,"[3054, 4989]"
4501,[]
4502,[]
4503,[]
4504,[]
4505,[5740]
4506,"[774, 4119, 1456]"
4507,[]
4508,[]
4509,"[227, 1884]"
4510,[]
4511,[]
4512,[]
4513,[]
4514,[]
4515,[]
4516,[]
4517,"[4565, 3553]"
4518,[102]
4519,[]
4520,[]
4521,[]
4522,[]
4523,"[4438, 1500]"
4524,[]
4525,[]
4526,[]
4527,[3415]
4528,[]
4529,"[2573, 102]"
4530,[]
4531,[]
4532,[]
4533,[]
4534,[]
4535,[4640]
4536,[]
4537,[]
4538,[]
4539,[]
4540,[]
4541,[]
4542,[]
4543,[]
4544,[]
4545,[]
4546,[]
4547,"[5400, 2764]"
4548,[]
4549,[]
4550,[]
4551,[]
4552,[]
4553,[]
4554,[]
4555,[]
4556,[254]
4557,[]
4558,[]
4559,[]
4560,[]
4561,[]
4562,[]
4563,"[226, 1238, 481, 1784]"
4564,[]
4565,[]
4566,[]
4567,[]
4568,[]
4569,[]
4570,[]
4571,[]
4572,[]
4573,[5740]
4574,[]
4575,[]
4576,[]
4577,[]
4578,[]
4579,[]
4580,[]
4581,[4996]
4582,[]
4583,[]
4584,[]
4585,[]
4586,[4640]
4587,"[297, 4565, 75]"
4588,[5136]
4589,[]
4590,[]
4591,[4946]
4592,[]
4593,[]
4594,[]
4595,[]
4596,[]
4597,[]
4598,"[3858, 690, 1556]"
4599,[2670]
4600,[]
4601,[1245]
4602,[]
4603,[]
4604,[]
4605,[]
4606,[]
4607,[]
4608,[]
4609,[3449]
4610,"[3459, 314]"
4611,[]
4612,[]
4613,[]
4614,[]
4615,"[149, 5372]"
4616,"[1456, 4119]"
4617,[]
4618,"[4296, 2518]"
4619,[]
4620,[]
4621,[]
4622,[]
4623,[]
4624,[]
4625,[]
4626,[]
4627,[]
4628,[]
4629,[]
4630,[]
4631,[]
4632,"[3790, 1846, 4659]"
4633,[]
4634,[451]
4635,[]
4636,[]
4637,[]
4638,[]
4639,[]
4640,[]
4641,[]
4642,[]
4643,[]
4644,[160]
4645,[]
4646,[]
4647,[]
4648,[]
4649,[]
4650,[]
4651,[]
4652,[4017]
4653,[]
4654,"[256, 5132]"
4655,[2103]
4656,[]
4657,[1726]
4658,[]
4659,[5657]
4660,[]
4661,[]
4662,[]
4663,[]
4664,[5436]
4665,[2103]
4666,"[2200, 3612, 4743]"
4667,[5294]
4668,[]
4669,[]
4670,[2153]
4671,[]
4672,[]
4673,[]
4674,[]
4675,[]
4676,[664]
4677,[]
4678,[160]
4679,[3950]
4680,[]
4681,[]
4682,"[4862, 27, 1917, 123, 829]"
4683,[]
4684,[]
4685,[]
4686,[]
4687,[]
4688,[]
4689,[]
4690,[2854]
4691,[]
4692,[]
4693,[]
4694,[]
4695,"[3858, 1383]"
4696,[2216]
4697,[]
4698,[]
4699,[]
4700,[]
4701,[5136]
4702,"[5578, 1946]"
4703,[]
4704,[]
4705,[]
4706,[]
4707,[]
4708,[2606]
4709,[]
4710,[]
4711,[]
4712,[]
4713,"[4659, 1846]"
4714,[2009]
4715,[]
4716,[]
4717,"[5161, 4365, 2661]"
4718,[]
4719,[]
4720,[]
4721,[3528]
4722,[]
4723,[]
4724,[]
4725,[]
4726,[]
4727,[]
4728,[]
4729,[5730]
4730,"[5436, 757]"
4731,[]
4732,[]
4733,[]
4734,[]
4735,[]
4736,[2172]
4737,[]
4738,[]
4739,[]
4740,"[1456, 4119]"
4741,[]
4742,[]
4743,[]
4744,[]
4745,[]
4746,[960]
4747,[4996]
4748,[3521]
4749,[]
4750,[]
4751,"[2721, 3467]"
4752,[]
4753,[]
4754,[]
4755,[]
4756,[3024]
4757,[]
4758,"[2772, 971]"
4759,"[523, 4493, 1208]"
4760,[2525]
4761,[160]
4762,[]
4763,"[3155, 1731, 2367, 1634]"
4764,[]
4765,"[1208, 523, 4493]"
4766,[]
4767,[]
4768,[]
4769,[]
4770,[]
4771,[]
4772,[]
4773,[4897]
4774,[]
4775,[]
4776,[]
4777,[]
4778,[]
4779,[]
4780,[]
4781,[]
4782,[5161]
4783,[4064]
4784,[]
4785,[]
4786,[]
4787,[]
4788,[]
4789,[]
4790,[746]
4791,[]
4792,[]
4793,[]
4794,[]
4795,[]
4796,[]
4797,[]
4798,[]
4799,[160]
4800,[]
4801,"[5436, 757]"
4802,[238]
4803,[]
4804,[237]
4805,[1371]
4806,[]
4807,[]
4808,[]
4809,[]
4810,"[2868, 2172]"
4811,[]
4812,[]
4813,[]
4814,[5716]
4815,[]
4816,"[4233, 4946]"
4817,[]
4818,"[5372, 2665, 1985, 5853, 149]"
4819,[3806]
4820,[]
4821,[]
4822,[]
4823,[2764]
4824,[]
4825,[]
4826,[]
4827,[]
4828,[]
4829,[]
4830,[]
4831,[]
4832,[]
4833,[]
4834,[]
4835,[]
4836,[]
4837,[160]
4838,[]
4839,[]
4840,[656]
4841,[4148]
4842,[]
4843,[]
4844,"[1569, 3573, 1067]"
4845,[]
4846,[4760]
4847,[]
4848,[]
4849,"[971, 2772]"
4850,[]
4851,[]
4852,[]
4853,[]
4854,[]
4855,[4365]
4856,[]
4857,[]
4858,[]
4859,[]
4860,"[123, 829, 2786, 4862, 27]"
4861,[]
4862,[]
4863,[]
4864,"[2991, 617]"
4865,[]
4866,[]
4867,[]
4868,[]
4869,[2077]
4870,[]
4871,[]
4872,[2805]
4873,[]
4874,[]
4875,[]
4876,[]
4877,[]
4878,[]
4879,[]
4880,[]
4881,[]
4882,[3024]
4883,[]
4884,[159]
4885,[]
4886,[]
4887,[]
4888,[]
4889,[]
4890,[]
4891,[]
4892,[]
4893,[]
4894,[30]
4895,[]
4896,[]
4897,[]
4898,[]
4899,[451]
4900,[]
4901,[]
4902,[]
4903,[]
4904,"[4287, 3300]"
4905,[]
4906,[]
4907,[]
4908,[]
4909,[]
4910,[]
4911,[]
4912,[]
4913,[]
4914,[]
4915,[]
4916,[]
4917,[1750]
4918,[]
4919,[]
4920,[]
4921,[1850]
4922,[]
4923,[]
4924,[]
4925,[]
4926,"[256, 859, 1852, 1848]"
4927,[363]
4928,[2538]
4929,[]
4930,[]
4931,"[3869, 2486, 5286, 4816]"
4932,[]
4933,[]
4934,[]
4935,[]
4936,[]
4937,[]
4938,[]
4939,[1461]
4940,[2597]
4941,[]
4942,[]
4943,[]
4944,[1624]
4945,[]
4946,[]
4947,[]
4948,[]
4949,[]
4950,[]
4951,[]
4952,[]
4953,"[1556, 337, 4019]"
4954,[]
4955,[2120]
4956,[]
4957,[]
4958,[]
4959,[]
4960,[]
4961,[2805]
4962,[]
4963,[]
4964,[]
4965,[]
4966,[]
4967,[]
4968,"[3826, 578]"
4969,[]
4970,[]
4971,[]
4972,[4119]
4973,[]
4974,[1750]
4975,[]
4976,[]
4977,[]
4978,[]
4979,[]
4980,[]
4981,[]
4982,[]
4983,[]
4984,[]
4985,[]
4986,[]
4987,"[5853, 5372, 1985]"
4988,[]
4989,[]
4990,[]
4991,[]
4992,[]
4993,[]
4994,"[3170, 1080]"
4995,[]
4996,[5751]
4997,[4473]
4998,[]
4999,[]
5000,"[5161, 2661]"
5001,[]
5002,[]
5003,[]
5004,[]
5005,"[4963, 4841, 151]"
5006,[]
5007,[]
5008,"[5400, 2764]"
5009,[]
5010,[]
5011,[]
5012,[]
5013,[5716]
5014,[]
5015,[]
5016,[5400]
5017,[]
5018,[]
5019,[]
5020,[]
5021,[]
5022,[]
5023,[]
5024,[]
5025,[]
5026,[]
5027,[]
5028,[]
5029,[]
5030,[3449]
5031,[]
5032,[2203]
5033,[]
5034,[]
5035,[4226]
5036,[5187]
5037,"[5452, 2304]"
5038,[]
5039,[]
5040,[]
5041,[2269]
5042,[]
5043,[]
5044,[]
5045,[]
5046,[]
5047,[]
5048,[]
5049,[]
5050,"[4233, 4946]"
5051,[4991]
5052,[]
5053,[4391]
5054,[]
5055,[]
5056,[]
5057,[]
5058,[]
5059,"[2422, 2427]"
5060,[]
5061,[]
5062,[]
5063,"[971, 2772]"
5064,"[4522, 2805]"
5065,[]
5066,[]
5067,[]
5068,[]
5069,[]
5070,[2670]
5071,[]
5072,[]
5073,[]
5074,[]
5075,[]
5076,[1624]
5077,[]
5078,[]
5079,[859]
5080,[]
5081,[451]
5082,"[1726, 2548]"
5083,[]
5084,[]
5085,[1603]
5086,[]
5087,[]
5088,[]
5089,[180]
5090,[]
5091,[]
5092,[]
5093,[]
5094,[]
5095,[]
5096,[]
5097,[]
5098,[]
5099,[5136]
5100,[]
5101,[]
5102,[]
5103,[2153]
5104,[]
5105,[]
5106,[]
5107,[4935]
5108,[]
5109,[]
5110,[]
5111,[]
5112,[]
5113,[]
5114,[]
5115,[]
5116,"[3790, 4659, 1846]"
5117,[]
5118,[]
5119,[]
5120,[]
5121,[]
5122,[]
5123,[]
5124,[]
5125,"[1112, 402]"
5126,[]
5127,[]
5128,[]
5129,[]
5130,[]
5131,[]
5132,[]
5133,[1369]
5134,[]
5135,[]
5136,[]
5137,[1365]
5138,[3808]
5139,[]
5140,[]
5141,[2772]
5142,[]
5143,[4118]
5144,[]
5145,[]
5146,[1839]
5147,[]
5148,[]
5149,[]
5150,"[4139, 1260, 5692, 574]"
5151,"[3907, 143, 237]"
5152,[]
5153,[]
5154,[]
5155,[]
5156,[160]
5157,"[962, 777]"
5158,[2772]
5159,[]
5160,[2333]
5161,[]
5162,[]
5163,[]
5164,[3521]
5165,[1732]
5166,"[4370, 2244]"
5167,[]
5168,[]
5169,[]
5170,[]
5171,[]
5172,"[4989, 3054]"
5173,[]
5174,[2244]
5175,[]
5176,[2421]
5177,[]
5178,[1693]
5179,[2229]
5180,[]
5181,[757]
5182,[]
5183,[]
5184,[1846]
5185,[2333]
5186,[]
5187,[]
5188,"[2077, 5929, 3153]"
5189,[]
5190,[]
5191,"[115, 3969, 1502, 2404]"
5192,[3521]
5193,"[1946, 5578]"
5194,[]
5195,[]
5196,[960]
5197,[]
5198,"[1123, 598]"
5199,[]
5200,[]
5201,[]
5202,[]
5203,[237]
5204,[]
5205,[2849]
5206,"[5500, 2907, 354]"
5207,[]
5208,[]
5209,[]
5210,[]
5211,[]
5212,[]
5213,[5296]
5214,[]
5215,[774]
5216,"[1839, 4886]"
5217,[]
5218,[]
5219,[]
5220,[]
5221,[]
5222,[]
5223,[]
5224,[]
5225,[]
5226,[]
5227,[4118]
5228,"[1962, 1443]"
5229,[4002]
5230,[811]
5231,[]
5232,[]
5233,[]
5234,[]
5235,[]
5236,[]
5237,[]
5238,[237]
5239,[]
5240,[]
5241,[1250]
5242,[]
5243,[667]
5244,[4254]
5245,[]
5246,[]
5247,[]
5248,[]
5249,[]
5250,[]
5251,[757]
5252,[]
5253,[]
5254,[]
5255,[4479]
5256,[]
5257,[]
5258,"[3790, 4659]"
5259,[]
5260,[]
5261,[]
5262,[]
5263,[]
5264,[]
5265,[2133]
5266,[]
5267,[]
5268,[]
5269,[]
5270,[]
5271,[]
5272,[135]
5273,[]
5274,[]
5275,"[3698, 924]"
5276,[]
5277,[]
5278,[]
5279,[]
5280,"[3573, 4109, 1346]"
5281,[]
5282,[]
5283,[4296]
5284,[]
5285,"[5751, 2770]"
5286,[]
5287,[]
5288,[]
5289,[]
5290,[]
5291,"[5400, 2764]"
5292,[4493]
5293,[]
5294,[4118]
5295,[]
5296,[]
5297,[]
5298,[1461]
5299,[]
5300,[4017]
5301,[]
5302,[]
5303,[]
5304,[]
5305,[]
5306,[]
5307,[]
5308,[1123]
5309,[]
5310,[]
5311,[]
5312,[]
5313,[]
5314,[]
5315,"[774, 4119]"
5316,[]
5317,[]
5318,[]
5319,[1846]
5320,"[5823, 4011]"
5321,[746]
5322,[]
5323,[]
5324,"[5905, 4398, 3920, 2800]"
5325,[]
5326,[]
5327,[978]
5328,[]
5329,[]
5330,[]
5331,[]
5332,[]
5333,[]
5334,[]
5335,[]
5336,[]
5337,[1839]
5338,[]
5339,[]
5340,[]
5341,"[2058, 3885]"
5342,"[4850, 5387]"
5343,[]
5344,[]
5345,[]
5346,[]
5347,[]
5348,[]
5349,[]
5350,[4659]
5351,[]
5352,[]
5353,[]
5354,[5093]
5355,[]
5356,"[4493, 1208]"
5357,[]
5358,[]
5359,"[149, 5224]"
5360,"[3054, 4989, 265]"
5361,[]
5362,[4991]
5363,[]
5364,[]
5365,[4254]
5366,"[4119, 774, 1456]"
5367,[2333]
5368,[]
5369,[]
5370,[]
5371,[]
5372,[3521]
5373,[]
5374,[]
5375,[]
5376,[]
5377,[]
5378,[]
5379,[]
5380,"[4726, 4187]"
5381,[]
5382,[]
5383,[]
5384,[]
5385,[2770]
5386,[4759]
5387,[]
5388,[]
5389,[]
5390,[]
5391,[]
5392,[]
5393,"[2601, 1833]"
5394,[708]
5395,[]
5396,"[5716, 450]"
5397,[]
5398,[903]
5399,[]
5400,"[757, 5436]"
5401,[4493]
5402,[]
5403,[]
5404,[1208]
5405,[]
5406,[]
5407,[]
5408,[]
5409,[]
5410,[]
5411,[5294]
5412,[]
5413,[]
5414,[]
5415,[]
5416,[4148]
5417,[1987]
5418,[]
5419,[]
5420,[]
5421,[]
5422,[]
5423,[]
5424,[]
5425,[]
5426,[]
5427,[]
5428,[]
5429,[]
5430,[]
5431,[]
5432,[]
5433,[]
5434,[]
5435,[]
5436,[692]
5437,"[1839, 4886]"
5438,[]
5439,[2333]
5440,[]
5441,[]
5442,[]
5443,[]
5444,"[924, 2339]"
5445,[]
5446,[]
5447,[]
5448,"[2573, 102]"
5449,[]
5450,[]
5451,[]
5452,[2077]
5453,[]
5454,[]
5455,[]
5456,[2120]
5457,[]
5458,[]
5459,[]
5460,[]
5461,[]
5462,[]
5463,[]
5464,[]
5465,[]
5466,"[3907, 237]"
5467,[]
5468,[]
5469,"[924, 3698]"
5470,[]
5471,[]
5472,[4507]
5473,[]
5474,[]
5475,[]
5476,[]
5477,[]
5478,[]
5479,[]
5480,[1456]
5481,[1530]
5482,[]
5483,[]
5484,[]
5485,[]
5486,[4296]
5487,[]
5488,[]
5489,[]
5490,[]
5491,[]
5492,[]
5493,[]
5494,[]
5495,"[336, 2584, 3334, 664]"
5496,[]
5497,[]
5498,[]
5499,[]
5500,[]
5501,[]
5502,[]
5503,[]
5504,[]
5505,"[5847, 728]"
5506,"[1748, 4119]"
5507,[]
5508,[]
5509,[]
5510,[977]
5511,[]
5512,[]
5513,[]
5514,[]
5515,[3024]
5516,[]
5517,[]
5518,[]
5519,[]
5520,[]
5521,[]
5522,[]
5523,[]
5524,[]
5525,[]
5526,[2597]
5527,[]
5528,[184]
5529,[]
5530,[]
5531,[451]
5532,[]
5533,[]
5534,[]
5535,[]
5536,[]
5537,[]
5538,[]
5539,[]
5540,[4996]
5541,[]
5542,[]
5543,"[256, 1848]"
5544,[]
5545,[]
5546,[2333]
5547,[]
5548,[2670]
5549,[]
5550,[741]
5551,[]
5552,"[143, 3907]"
5553,[]
5554,[]
5555,[]
5556,[]
5557,[]
5558,[]
5559,[]
5560,[238]
5561,[]
5562,[]
5563,[]
5564,[]
5565,[]
5566,[]
5567,[]
5568,[3521]
5569,[]
5570,[]
5571,[]
5572,[]
5573,[2725]
5574,[]
5575,[]
5576,[]
5577,[]
5578,[3950]
5579,[]
5580,[1506]
5581,[]
5582,[984]
5583,"[5436, 757]"
5584,"[777, 1621, 602]"
5585,[]
5586,[]
5587,[]
5588,[]
5589,"[5336, 4389]"
5590,"[5751, 2770]"
5591,"[1839, 4886]"
5592,[]
5593,[]
5594,[]
5595,[]
5596,[]
5597,[]
5598,[]
5599,[]
5600,[]
5601,[]
5602,[]
5603,[]
5604,[]
5605,[]
5606,[746]
5607,[]
5608,[]
5609,[]
5610,[]
5611,[]
5612,[]
5613,[]
5614,[]
5615,[859]
5616,[]
5617,[]
5618,[]
5619,[]
5620,[5450]
5621,[]
5622,[]
5623,[]
5624,[]
5625,[]
5626,[]
5627,[]
5628,[]
5629,[]
5630,[]
5631,[363]
5632,[]
5633,[]
5634,[]
5635,[]
5636,[]
5637,[]
5638,[]
5639,[]
5640,[]
5641,[]
5642,[]
5643,"[4598, 2200]"
5644,[]
5645,[]
5646,[]
5647,[]
5648,[]
5649,[]
5650,[]
5651,[]
5652,[]
5653,[]
5654,[2895]
5655,[]
5656,[4366]
5657,[]
5658,[]
5659,[]
5660,[]
5661,[]
5662,[]
5663,[3730]
5664,"[4406, 5590]"
5665,[]
5666,[]
5667,[]
5668,[]
5669,[]
5670,[]
5671,[]
5672,[]
5673,[]
5674,[]
5675,[]
5676,[]
5677,[]
5678,[]
5679,[3694]
5680,[3373]
5681,[]
5682,[]
5683,[]
5684,[]
5685,[2805]
5686,[]
5687,[]
5688,[4659]
5689,[]
5690,[3024]
5691,[]
5692,[850]
5693,[2333]
5694,[2864]
5695,[]
5696,[]
5697,[]
5698,[2933]
5699,[]
5700,"[4493, 523, 1208]"
5701,[2229]
5702,[237]
5703,[]
5704,[1276]
5705,[]
5706,[]
5707,[]
5708,[]
5709,[]
5710,[]
5711,[]
5712,[]
5713,[4366]
5714,[]
5715,[4017]
5716,[]
5717,[]
5718,"[971, 2772]"
5719,"[2907, 354, 5500]"
5720,[3573]
5721,[]
5722,[]
5723,"[290, 5970, 1083]"
5724,[]
5725,"[1456, 4119]"
5726,"[2899, 4148]"
5727,[]
5728,[238]
5729,[]
5730,[]
5731,[]
5732,[]
5733,"[115, 1502]"
5734,[]
5735,[]
5736,[]
5737,[184]
5738,[5009]
5739,[]
5740,[]
5741,"[3790, 1846]"
5742,[500]
5743,[]
5744,[]
5745,[]
5746,"[2844, 5210]"
5747,[]
5748,"[3730, 2077]"
5749,[]
5750,[]
5751,[654]
5752,[]
5753,[]
5754,"[5682, 991, 1588]"
5755,"[2184, 1044, 2331]"
5756,[363]
5757,"[3907, 237]"
5758,[]
5759,"[3542, 1534, 1515]"
5760,[]
5761,"[5682, 1588]"
5762,[850]
5763,[]
5764,[]
5765,[]
5766,[]
5767,[497]
5768,[]
5769,[]
5770,[]
5771,[]
5772,[]
5773,[]
5774,[640]
5775,[]
5776,[4871]
5777,[]
5778,[]
5779,[]
5780,[]
5781,[]
5782,[]
5783,[903]
5784,[]
5785,"[757, 5436]"
5786,"[265, 3054, 4989]"
5787,[]
5788,[5434]
5789,[]
5790,[]
5791,[]
5792,[]
5793,"[4816, 5281]"
5794,"[3854, 3238]"
5795,[]
5796,[369]
5797,[]
5798,[]
5799,[]
5800,[]
5801,[]
5802,[]
5803,"[5286, 2486, 4816]"
5804,[]
5805,[2336]
5806,[]
5807,[]
5808,[]
5809,[2153]
5810,"[598, 1123]"
5811,[]
5812,[2244]
5813,"[1621, 2065, 602, 777]"
5814,[5434]
5815,[]
5816,[]
5817,[]
5818,[]
5819,[105]
5820,[4366]
5821,[]
5822,[]
5823,[]
5824,[]
5825,[]
5826,[4366]
5827,[]
5828,[4296]
5829,[]
5830,[]
5831,[]
5832,[]
5833,[]
5834,[5161]
5835,[]
5836,[]
5837,[]
5838,[]
5839,[]
5840,[3015]
5841,"[121, 5283]"
5842,[]
5843,[]
5844,"[3189, 3168, 1739, 2914]"
5845,[]
5846,[]
5847,[]
5848,[]
5849,[]
5850,[]
5851,[]
5852,[]
5853,[]
5854,[]
5855,[]
5856,[4854]
5857,[]
5858,[]
5859,[667]
5860,[]
5861,"[314, 3459]"
5862,[]
5863,[1850]
5864,[]
5865,[]
5866,[]
5867,[]
5868,[667]
5869,[]
5870,"[1583, 1347]"
5871,[]
5872,[]
5873,[]
5874,[]
5875,[]
5876,[]
5877,[]
5878,[]
5879,[]
5880,[]
5881,[]
5882,[]
5883,[]
5884,[]
5885,[]
5886,[]
5887,[]
5888,[]
5889,[]
5890,[]
5891,[]
5892,[]
5893,[]
5894,[]
5895,[]
5896,[]
5897,"[4461, 2060, 4425, 1536, 287]"
5898,[1110]
5899,[5628]
5900,[]
5901,[]
5902,[]
5903,[]
5904,[]
5905,[]
5906,[4148]
5907,[]
5908,"[1080, 3170]"
5909,[]
5910,[]
5911,[]
5912,[]
5913,[1604]
5914,[]
5915,[]
5916,[]
5917,[]
5918,[]
5919,[]
5920,[]
5921,[2946]
5922,[]
5923,[]
5924,[2725]
5925,[]
5926,"[654, 2525]"
5927,[149]
5928,[1276]
5929,[4473]
5930,[3083]
5931,[2076]
5932,[]
5933,[]
5934,[]
5935,[]
5936,[5348]
5937,[]
5938,[]
5939,[]
5940,[]
5941,[]
5942,"[2170, 4391, 434]"
5943,[]
5944,[3775]
5945,[]
5946,[]
5947,[]
5948,[]
5949,[]
5950,[]
5951,[]
5952,[]
5953,[]
5954,[1693]
5955,[]
5956,[]
5957,"[650, 325, 4477, 5526]"
5958,[]
5959,[]
5960,[]
5961,"[4963, 151, 783]"
5962,[]
5963,[2670]
5964,[]
5965,[]
5966,[]
5967,[]
5968,[]
5969,[]
5970,[2868]
5971,[671]
5972,[]
5973,[]
5974,[5434]
5975,[3521]
5976,[]
5977,[]
5978,[]
5979,[]
5980,[]
5981,[]
5982,[]
5983,[]
5984,[]
5985,[]
5986,[]
5987,[]
5988,[]
5989,[]
5990,[]
5991,[]
5992,[]
5993,[]
5994,[]
5995,[]
5996,[1825]
5997,[]
5998,[5730]
5999,[]
6000,[4312]
6001,"[5510, 290, 1083, 4094, 5970]"
6002,[]
6003,[]
6004,[4897]
6005,[859]
6006,[]
6007,[]
6008,[]
6009,[5515]
6010,[]
6011,[]
6012,[237]
6013,[]
6014,[]
6015,[]
6016,[]
6017,[]
6018,[]
6019,[]
6020,[]
6021,[]
6022,[5436]
6023,[]
6024,[]
6025,[]
6026,[]
6027,[]
6028,[]
6029,[]
6030,[]
6031,[]
6032,[]
6033,[]
6034,[]
6035,[]
6036,[]
6037,[]
6038,[2499]
6039,[1103]
6040,[]
6041,[]
6042,[]
6043,[]
6044,[]
6045,[]
6046,[]
6047,[5730]
6048,[1726]
6049,[]
6050,[3024]
6051,[]
6052,[]
6053,[]
6054,[]
6055,[2668]
6056,[]
6057,[]
6058,[]
6059,[]
6060,[]
6061,[]
6062,[]
6063,[]
6064,[]
6065,[]
6066,[3808]
6067,"[5436, 757]"
6068,[5450]
6069,[1569]
6070,[]
6071,"[1720, 4074]"
6072,[]
6073,[]
6074,[]
6075,"[2661, 4365]"
6076,[4148]
6077,[]
6078,[354]
6079,[]
6080,"[5227, 215]"
6081,[]
6082,[]
6083,[]
6084,"[2518, 4296]"
6085,[2333]
6086,[]
6087,"[2725, 492, 232]"
6088,[]
6089,[5628]
6090,[]
6091,[]
6092,[]
6093,[]
6094,[]
6095,[]
6096,[]
6097,[5459]
6098,[]
6099,[]
6100,[]
6101,[]
6102,"[4296, 2518]"
6103,[]
6104,[]
6105,[]
6106,[3730]
6107,[]
6108,"[5526, 325, 650]"
6109,[]
6110,"[2477, 1134]"
6111,[]
6112,[]
6113,[]
6114,[]
6115,"[4370, 2244]"
6116,[]
6117,[]
6118,[75]
6119,[363]
6120,[]
6121,"[1188, 5517, 2376]"
6122,[]
6123,[]
6124,[]
6125,[]
6126,[]
6127,[]
6128,[451]
6129,[5434]
6130,[]
6131,[]
6132,[]
6133,[]
6134,[746]
6135,[3806]
6136,[]
6137,[]
6138,[]
6139,[4148]
6140,[]
6141,[]
6142,[]
6143,[]
6144,[]
6145,[]
6146,[]
6147,[]
6148,[903]
6149,[]
6150,[]
6151,[]
6152,[105]
6153,[2076]
6154,[]
6155,[]
6156,[300]
6157,[]
6158,[]
6159,[3191]
6160,[]
6161,"[2007, 5829, 3542]"
6162,[]
6163,[]
6164,[3730]
6165,[]
6166,[]
6167,[5434]
6168,"[2077, 3730]"
6169,[5085]
6170,[]
6171,[]
6172,"[757, 5436]"
6173,[]
6174,[]
6175,[]
6176,[971]
6177,[]
6178,[]
6179,[]
6180,[]
6181,[]
6182,[]
6183,[]
6184,[]
6185,[51]
6186,[]
6187,[]
6188,[]
6189,[]
6190,[]
6191,[]
6192,[]
6193,[3054]
6194,[4254]
6195,[971]
6196,[]
6197,[]
6198,[]
6199,[]
6200,[]
6201,[]
6202,[4366]
6203,[]
6204,[]
6205,[]
6206,[]
6207,[2153]
6208,[]
6209,[]
6210,[]
6211,[]
6212,[143]
6213,[]
6214,[]
6215,[]
6216,[2229]
6217,[]
6218,[671]
6219,[3841]
6220,[]
6221,[3521]
6222,[]
6223,[]
6224,"[3542, 1515, 2757, 2007]"
6225,[434]
6226,[]
6227,[]
6228,"[2683, 1250]"
6229,[]
6230,[]
6231,[]
6232,[]
6233,[356]
6234,"[859, 256, 977, 1852]"
6235,[]
6236,[]
6237,[]
6238,[354]
6239,[]
6240,[]
6241,[]
6242,[]
6243,[]
6244,[]
6245,[]
6246,[2153]
6247,"[2388, 3741]"
6248,"[5263, 357]"
6249,[]
6250,[]
6251,[]
6252,[]
6253,[]
6254,[]
6255,[5136]
6256,[]
6257,[]
6258,[]
6259,[]
6260,[]
6261,[]
6262,[]
6263,[507]
6264,[]
6265,[]
6266,[]
6267,[]
6268,[]
6269,[]
6270,[]
6271,[]
6272,[]
6273,[]
6274,[]
6275,[4148]
6276,[]
6277,[]
6278,[]
6279,[]
6280,[]
6281,[]
6282,[5294]
6283,[]
6284,[]
6285,[]
6286,[]
6287,[]
6288,[]
6289,[4946]
6290,[]
6291,[]
6292,[]
6293,[]
6294,"[4288, 245, 4192]"
6295,[]
6296,[497]
6297,[440]
6298,[]
6299,"[3867, 923]"
6300,[160]
6301,[]
6302,"[4985, 4158, 1603]"
6303,[]
6304,[4366]
6305,[1739]
6306,[]
6307,[3373]
6308,[]
6309,[]
6310,[]
6311,[]
6312,[160]
6313,[]
6314,[]
6315,[]
6316,[]
6317,[]
6318,[3808]
6319,"[3372, 568]"
6320,[3981]
6321,[]
6322,[]
6323,[]
6324,[]
6325,[]
6326,[]
6327,[451]
6328,[2032]
6329,[]
6330,[160]
6331,[]
6332,[]
6333,[]
6334,[]
6335,[]
6336,[]
6337,[]
6338,[]
6339,"[4493, 1208, 523]"
6340,"[374, 1119, 4130, 1585]"
6341,[]
6342,[]
6343,[]
6344,[]
6345,[962]
6346,[]
6347,[]
6348,[]
6349,[]
6350,[]
6351,[]
6352,[]
6353,[]
6354,[]
6355,[1665]
6356,[]
6357,[1846]
6358,[]
6359,[]
6360,[]
6361,[]
6362,[]
6363,"[1059, 5712, 1462, 2352]"
6364,[]
6365,[]
6366,[]
6367,[]
6368,[]
6369,[]
6370,[]
6371,[]
6372,[]
6373,[]
6374,[4760]
6375,"[3090, 5103]"
6376,[]
6377,"[4119, 1456]"
6378,[]
6379,[]
6380,[4886]
6381,[3518]
6382,[]
6383,[497]
6384,[]
6385,[]
6386,"[1078, 3932]"
6387,[497]
6388,[962]
6389,[]
6390,[]
6391,[]
6392,[]
6393,[]
6394,[]
6395,[5434]
6396,[]
6397,[]
6398,[]
6399,[]
6400,"[3907, 237]"
6401,[]
6402,[]
6403,[5730]
6404,[2661]
6405,[]
6406,[]
6407,"[337, 1708]"
6408,[]
6409,[]
6410,[]
6411,[3521]
6412,[]
6413,[]
6414,[]
6415,[]
6416,[]
6417,[]
6418,[]
6419,[]
6420,[4336]
6421,[]
6422,[3144]
6423,"[1390, 3607, 2561, 3543]"
6424,[]
6425,[]
6426,[]
6427,[]
6428,[]
6429,[]
6430,[4365]
6431,[]
6432,[]
6433,[]
6434,[]
6435,[]
6436,[]
6437,[451]
6438,[]
6439,[]
6440,"[143, 3907]"
6441,[]
6442,[]
6443,"[354, 2907, 5500]"
6444,[]
6445,[]
6446,[]
6447,"[2077, 3730]"
6448,[]
6449,[]
6450,[]
6451,[2501]
6452,[4366]
6453,"[2584, 3005]"
6454,[]
6455,[]
6456,[]
6457,[4942]
6458,[4473]
6459,[960]
6460,[]
6461,[]
6462,[]
6463,[]
6464,"[1833, 2601]"
6465,[]
6466,[]
6467,[]
6468,"[2707, 664, 336, 2584]"
6469,[]
6470,[]
6471,[]
6472,[]
6473,[5222]
6474,[]
6475,[523]
6476,[1693]
6477,[1276]
6478,[]
6479,[]
6480,[]
6481,[]
6482,[]
6483,[5400]
6484,[]
6485,[]
6486,"[523, 1208, 4493]"
6487,[]
6488,[]
6489,[]
6490,[]
6491,[]
6492,[]
6493,[]
6494,[]
6495,[]
6496,[]
6497,[]
6498,[]
6499,"[568, 3372]"
6500,[5771]
6501,[]
6502,[]
6503,[]
6504,[]
6505,[3808]
6506,[]
6507,[]
6508,[]
6509,[]
6510,[]
6511,[]
6512,[]
6513,[4147]
6514,[]
6515,[]
6516,[]
6517,[]
6518,[]
6519,[]
6520,[]
6521,[]
6522,[]
6523,"[5927, 5758]"
6524,[]
6525,[]
6526,[]
6527,"[2077, 3730]"
6528,[]
6529,[]
6530,[]
6531,[]
6532,[]
6533,[]
6534,[]
6535,[]
6536,[2721]
6537,[]
6538,[]
6539,[]
6540,[]
6541,[]
6542,[]
6543,[]
6544,[]
6545,[]
6546,[]
6547,[]
6548,[956]
6549,[]
6550,[]
6551,[]
6552,"[4100, 568]"
6553,[]
6554,"[2408, 1504]"
6555,[]
6556,[]
6557,[3072]
6558,[]
6559,[]
6560,[]
6561,[1588]
6562,[]
6563,"[215, 5085]"
6564,[]
6565,[]
6566,[]
6567,[]
6568,[]
6569,[]
6570,[]
6571,[]
6572,[]
6573,[4365]
6574,[]
6575,[]
6576,[]
6577,[]
6578,"[3374, 2170, 5893, 2200, 434, 1891, 4391]"
6579,[2877]
6580,[]
6581,[]
6582,[]
6583,[]
6584,[]
6585,"[2339, 3698]"
6586,[3808]
6587,[]
6588,"[3372, 4100, 568]"
6589,[]
6590,[]
6591,[]
6592,[]
6593,[]
6594,[]
6595,[]
6596,[]
6597,[2333]
6598,[549]
6599,[]
6600,[]
6601,[]
6602,[]
6603,"[4002, 3567]"
6604,[]
6605,[1923]
6606,[]
6607,[]
6608,[4897]
6609,[2670]
6610,[]
6611,[]
6612,[4366]
6613,[]
6614,[]
6615,[]
6616,[]
6617,[]
6618,[]
6619,[]
6620,"[1134, 2477]"
6621,[]
6622,[]
6623,[]
6624,[]
6625,[]
6626,[]
6627,[]
6628,[]
6629,[]
6630,"[3567, 4002]"
6631,[497]
6632,[]
6633,[]
6634,[]
6635,[1409]
6636,[]
6637,[]
6638,[2391]
6639,[]
6640,[]
6641,[]
6642,[]
6643,[]
6644,[]
6645,"[4474, 1462]"
6646,[]
6647,[]
6648,"[555, 357]"
6649,[]
6650,[]
6651,"[4160, 4288, 245, 4192]"
6652,[]
6653,[]
6654,[]
6655,[]
6656,[497]
6657,[]
6658,[2849]
6659,[]
6660,[2661]
6661,[2152]
6662,[]
6663,[598]
6664,[1456]
6665,[667]
6666,[]
6667,[]
6668,[]
6669,[1203]
6670,[]
6671,[]
6672,[]
6673,[]
6674,"[5006, 1673, 4722, 311]"
6675,[]
6676,[]
6677,[4477]
6678,[2760]
6679,[]
6680,[]
6681,[]
6682,[1750]
6683,[]
6684,"[4365, 2661]"
6685,[]
6686,[]
6687,[]
6688,[]
6689,[4148]
6690,[]
6691,[232]
6692,[]
6693,[]
6694,[]
6695,[]
6696,[]
6697,[]
6698,[]
6699,[]
6700,[]
6701,[]
6702,[]
6703,[]
6704,[]
6705,[]
6706,[]
6707,[]
6708,[4853]
6709,[5434]
6710,[]
6711,[]
6712,[]
6713,[]
6714,[]
6715,[]
6716,[]
6717,[]
6718,[2303]
6719,[]
6720,[]
6721,[]
6722,[]
6723,"[4722, 311]"
6724,[3480]
6725,[]
6726,[]
6727,[]
6728,[]
6729,[]
6730,[]
6731,"[612, 540]"
6732,[]
6733,[]
6734,[]
6735,[]
6736,[]
6737,[1615]
6738,[]
6739,[]
6740,[]
6741,[]
6742,[]
6743,[]
6744,[3808]
6745,[1569]
6746,[]
6747,[451]
6748,[160]
6749,[]
6750,[]
6751,[]
6752,[4833]
6753,[2096]
6754,[]
6755,[]
6756,"[2772, 971]"
6757,[]
6758,[]
6759,[]
6760,[]
6761,[]
6762,[]
6763,[]
6764,[3415]
6765,[]
6766,[]
6767,[]
6768,[]
6769,[]
6770,[]
6771,[]
6772,[]
6773,[]
6774,[]
6775,"[3057, 347]"
6776,[1846]
6777,[]
6778,[]
6779,[]
6780,[160]
6781,[]
6782,[]
6783,[]
6784,[3694]
6785,[]
6786,[]
6787,[]
6788,[2077]
6789,[]
6790,[4119]
6791,[]
6792,[]
6793,[]
6794,[]
6795,[]
6796,[]
6797,[]
6798,[]
6799,[]
6800,[2333]
6801,[]
6802,[]
6803,[]
6804,[]
6805,[]
6806,[]
6807,[1051]
6808,[667]
6809,[1615]
6810,[238]
6811,[]
6812,"[3374, 164]"
6813,[4365]
6814,[]
6815,[]
6816,[]
6817,[]
6818,[]
6819,[5657]
6820,"[2933, 2999]"
6821,[]
6822,[]
6823,[4233]
6824,[]
6825,[]
6826,[]
6827,[2670]
6828,[]
6829,[3143]
6830,[]
6831,[]
6832,[]
6833,[]
6834,[]
6835,[]
6836,[4024]
6837,[]
6838,[1530]
6839,[]
6840,[]
6841,[]
6842,[]
6843,[]
6844,[]
6845,[]
6846,[]
6847,[]
6848,"[2303, 5332]"
6849,[]
6850,[]
6851,"[2216, 1827]"
6852,"[2665, 5853, 5372]"
6853,[5279]
6854,[]
6855,[]
6856,[]
6857,[]
6858,[]
6859,[]
6860,[]
6861,"[3741, 2388, 1385]"
6862,[]
6863,[]
6864,[]
6865,"[1198, 2550]"
6866,[]
6867,[]
6868,[]
6869,[]
6870,[4418]
6871,"[4459, 2329]"
6872,[]
6873,[]
6874,[]
6875,[]
6876,[]
6877,[2333]
6878,"[2352, 5712, 2989]"
6879,[]
6880,[]
6881,"[402, 1112]"
6882,[2877]
6883,[]
6884,[]
6885,[]
6886,[]
6887,[]
6888,[]
6889,[]
6890,[]
6891,"[540, 2303, 5560, 886]"
6892,[4844]
6893,[1502]
6894,[]
6895,[]
6896,[1185]
6897,[]
6898,[]
6899,[]
6900,[]
6901,"[5560, 540]"
6902,[715]
6903,[]
6904,[]
6905,[]
6906,[]
6907,[]
6908,[]
6909,[]
6910,[]
6911,[]
6912,[]
6913,[]
6914,[]
6915,[]
6916,[4148]
6917,[]
6918,"[4148, 1114, 228]"
6919,[]
6920,[]
6921,"[5193, 4367, 2998, 385]"
6922,[]
6923,"[977, 1848]"
6924,[]
6925,[]
6926,[]
6927,[1569]
6928,[]
6929,[]
6930,[]
6931,[]
6932,[]
6933,[]
6934,[]
6935,[]
6936,[]
6937,[]
6938,[]
6939,[]
6940,[]
6941,"[4459, 555, 5263, 357]"
6942,[]
6943,[]
6944,[]
6945,[]
6946,[]
6947,[]
6948,[]
6949,[]
6950,[1185]
6951,[]
6952,[]
6953,[4287]
6954,[]
6955,[]
6956,[]
6957,[]
6958,"[2725, 492, 232]"
6959,[]
6960,"[1203, 1114]"
6961,[2077]
6962,[]
6963,[]
6964,[]
6965,"[4659, 3790, 1846]"
6966,[]
6967,[]
6968,[]
6969,"[5560, 2303]"
6970,[]
6971,[]
6972,"[664, 2707, 2584]"
6973,[]
6974,[]
6975,[643]
6976,[5436]
6977,[]
6978,[]
6979,[]
6980,"[143, 237, 3907]"
6981,[4300]
6982,"[2665, 149, 1985]"
6983,[]
6984,[]
6985,[]
6986,[]
6987,[]
6988,[]
6989,[]
6990,[]
6991,[]
6992,[]
6993,[]
6994,[]
6995,[]
6996,[]
6997,[]
6998,[]
6999,"[540, 2303, 5332, 612, 886]"
7000,[]
7001,[2103]
7002,[]
7003,[254]
7004,[]
7005,[]
7006,[]
7007,[]
7008,"[5332, 2303, 886]"
7009,[]
7010,[]
7011,[3049]
7012,[]
7013,[]
7014,[]
7015,[]
7016,[]
7017,[1619]
7018,[]
7019,[]
7020,[]
7021,"[4722, 1673, 311, 5006]"
7022,"[5372, 5853]"
7023,[]
7024,[]
7025,[]
7026,[715]
7027,[]
7028,[337]
7029,[]
7030,[4545]
7031,[]
7032,[]
7033,[]
7034,[]
7035,"[3730, 2077]"
7036,[]
7037,[]
7038,[3143]
7039,[]
7040,[]
7041,[]
7042,[]
7043,[]
7044,[]
7045,[]
7046,[]
7047,[]
7048,[]
7049,[]
7050,[4366]
7051,[]
7052,[]
7053,[4391]
7054,[5767]
7055,[4366]
7056,[]
7057,[]
7058,[]
7059,[]
7060,[]
7061,[2076]
7062,[3142]
7063,"[3143, 1185]"
7064,[]
7065,[]
7066,[]
7067,[]
7068,"[374, 1119, 1585, 4130]"
7069,[]
7070,[]
7071,[]
7072,[]
7073,[5730]
7074,[]
7075,"[664, 2584, 3334, 2707, 3005, 336]"
7076,[]
7077,[]
7078,[]
7079,[5128]
7080,[]
7081,[]
7082,[]
7083,[]
7084,[]
7085,"[4365, 2661]"
7086,[]
7087,[]
7088,[]
7089,"[1456, 4119]"
7090,[]
7091,[]
7092,[]
7093,[]
7094,[]
7095,[]
7096,[]
7097,[]
7098,[]
7099,[]
7100,[3698]
7101,[]
7102,[]
7103,[]
7104,[]
7105,[]
7106,[]
7107,[]
7108,[5400]
7109,[]
7110,"[4389, 5336]"
7111,"[3730, 2077]"
7112,[]
7113,[]
7114,[]
7115,[]
7116,[2500]
7117,[]
7118,[5434]
7119,[]
7120,[]
7121,[]
7122,[]
7123,"[1985, 5853]"
7124,[]
7125,[]
7126,[]
7127,[]
7128,"[1263, 1604]"
7129,"[757, 5436]"
7130,[]
7131,[]
7132,[]
7133,[]
7134,[667]
7135,[]
7136,[]
7137,"[1208, 4493, 523]"
7138,"[3061, 3769, 2451]"
7139,[]
7140,[]
7141,[]
7142,[]
7143,[]
7144,"[1203, 4148, 228]"
7145,[]
7146,[]
7147,[]
7148,[]
7149,[]
7150,[]
7151,[]
7152,[5206]
7153,[4996]
7154,[705]
7155,[]
7156,[]
7157,[]
7158,[]
7159,[3024]
7160,"[1848, 1852, 256, 859]"
7161,[]
7162,[]
7163,[]
7164,[]
7165,[]
7166,[]
7167,[]
7168,[]
7169,[]
7170,[]
7171,[]
7172,[]
7173,[]
7174,[2136]
7175,"[5560, 2303, 612, 886, 540]"
7176,[2153]
7177,[]
7178,[]
7179,[]
7180,[2333]
7181,[]
7182,[]
7183,[]
7184,[]
7185,[]
7186,[]
7187,[]
7188,[2047]
7189,[1897]
7190,[]
7191,[]
7192,[]
7193,[]
7194,[]
7195,[]
7196,[1923]
7197,[]
7198,[5187]
7199,[]
7200,[]
7201,[]
7202,[]
7203,[]
7204,[]
7205,[2076]
7206,[2289]
7207,[]
7208,[]
7209,[]
7210,[757]
7211,[]
7212,[]
7213,[]
7214,[]
7215,[]
7216,[]
7217,[]
7218,[]
7219,[2303]
7220,[]
7221,[]
7222,"[757, 5436]"
7223,[]
7224,[]
7225,[]
7226,[]
7227,"[1263, 1604]"
7228,[]
7229,[]
7230,[1923]
7231,[]
7232,[]
7233,[]
7234,[]
7235,[]
7236,[2764]
7237,[5730]
7238,[]
7239,[]
7240,[]
7241,[]
7242,"[1875, 1352]"
7243,[]
7244,[]
7245,[]
7246,[]
7247,[]
7248,[]
7249,[]
7250,[]
7251,[]
7252,[]
7253,[]
7254,[]
7255,[]
7256,[]
7257,[]
7258,[]
7259,[]
7260,"[2422, 2427]"
7261,[1846]
7262,[]
7263,[]
7264,[3730]
7265,[]
7266,[]
7267,[]
7268,[]
7269,[]
7270,[]
7271,[]
7272,[]
7273,[]
7274,[]
7275,[]
7276,[]
7277,[]
7278,[2877]
7279,[]
7280,[]
7281,[]
7282,[]
7283,"[650, 5526, 325, 4477]"
7284,[]
7285,[]
7286,[]
7287,[]
7288,[574]
7289,[]
7290,[]
7291,[]
7292,[]
7293,[]
7294,[671]
7295,[4148]
7296,[]
7297,[]
7298,[]
7299,"[5993, 3554]"
7300,[]
7301,[]
7302,[]
7303,[]
7304,[]
7305,"[1203, 1114, 228, 4148]"
7306,[1923]
7307,[]
7308,[]
7309,[]
7310,"[2770, 5751]"
7311,[]
7312,[]
7313,[]
7314,[]
7315,[4965]
7316,[]
7317,[]
7318,[]
7319,[]
7320,[5949]
7321,[1185]
7322,[]
7323,[]
7324,[447]
7325,[]
7326,[]
7327,[]
7328,[]
7329,[]
7330,[574]
7331,[]
7332,[2153]
7333,"[5332, 2303, 5560, 886]"
7334,[]
7335,[]
7336,[]
7337,[]
7338,[]
7339,[]
7340,[]
7341,[]
7342,[]
7343,[]
7344,[2877]
7345,[]
7346,[]
7347,[]
7348,[]
7349,[]
7350,[3024]
7351,[]
7352,[]
7353,[]
7354,[]
7355,[]
7356,[]
7357,[]
7358,[]
7359,[]
7360,"[1515, 878, 2757, 1534]"
7361,[]
7362,[]
7363,[]
7364,[]
7365,"[3143, 1185]"
7366,[]
7367,[]
7368,[]
7369,[]
7370,[]
7371,[]
7372,"[3143, 1185]"
7373,[2076]
7374,[]
7375,[]
7376,[]
7377,[]
7378,"[3691, 3735]"
7379,[]
7380,"[3882, 4011, 1987]"
7381,[4754]
7382,[]
7383,[3300]
7384,[]
7385,[]
7386,[]
7387,[5434]
7388,[]
7389,[]
7390,[]
7391,[]
7392,[]
7393,[]
7394,[]
7395,"[1846, 4659, 3790]"
7396,[746]
7397,[]
7398,[]
7399,[]
7400,[]
7401,[]
7402,[]
7403,[]
7404,[]
7405,[]
7406,[]
7407,[4780]
7408,[]
7409,[]
7410,[]
7411,[1080]
7412,[]
7413,[160]
7414,[]
7415,[]
7416,[]
7417,[]
7418,[2333]
7419,[]
7420,[]
7421,[]
7422,[]
7423,[3808]
7424,[]
7425,[]
7426,[2760]
7427,[]
7428,[]
7429,"[598, 1123]"
7430,[]
7431,"[2772, 971]"
7432,[]
7433,[]
7434,[]
7435,[]
7436,[]
7437,[]
7438,[2076]
7439,[3730]
7440,[238]
7441,[]
7442,[]
7443,[]
7444,[]
7445,"[897, 368, 3997]"
7446,[3024]
7447,[]
7448,[]
7449,[]
7450,[]
7451,[1835]
7452,[]
7453,[]
7454,[574]
7455,[]
7456,[]
7457,"[2303, 886, 540, 612, 5332, 5560]"
7458,[]
7459,[]
7460,[]
7461,[]
7462,[]
7463,[]
7464,[]
7465,[]
7466,[]
7467,[2877]
7468,[1114]
7469,[]
7470,[]
7471,[]
7472,[]
7473,[]
7474,[2805]
7475,"[774, 1456]"
7476,[]
7477,[2153]
7478,[]
7479,[]
7480,[]
7481,[]
7482,"[650, 4477, 5526, 325]"
7483,[2009]
7484,[]
7485,[2862]
7486,"[1594, 4249, 2732, 2358]"
7487,[]
7488,[]
7489,[2408]
7490,[]
7491,[]
7492,[]
7493,[]
7494,[5628]
7495,[]
7496,[]
7497,[]
7498,[]
7499,[984]
7500,[]
7501,"[3845, 454, 4794, 5891]"
7502,[]
7503,[]
7504,[105]
7505,[]
7506,[]
7507,[]
7508,[]
7509,[]
7510,[]
7511,[1185]
7512,[]
7513,[]
7514,[]
7515,[]
7516,[3083]
7517,[]
7518,[]
7519,[]
7520,[]
7521,[]
7522,"[5066, 1708]"
7523,[]
7524,[]
7525,[3808]
7526,[]
7527,[]
7528,[]
7529,[]
7530,[]
7531,[]
7532,[]
7533,[]
7534,[]
7535,[2896]
7536,"[1185, 3143]"
7537,[]
7538,"[1083, 5970, 290, 4094]"
7539,[]
7540,[]
7541,[]
7542,[]
7543,[]
7544,[]
7545,[]
7546,[]
7547,[]
7548,[]
7549,[3144]
7550,[]
7551,[]
7552,[]
7553,[]
7554,[]
7555,"[2077, 3730]"
7556,[4002]
7557,"[5517, 3268]"
7558,[]
7559,[4780]
7560,"[886, 612]"
7561,[]
7562,[]
7563,[]
7564,[]
7565,[]
7566,[]
7567,[]
7568,[1230]
7569,[]
7570,[]
7571,"[598, 1123]"
7572,[]
7573,[1286]
7574,[]
7575,[]
7576,[]
7577,[]
7578,[160]
7579,[]
7580,[]
7581,[]
7582,[]
7583,[5136]
7584,[]
7585,[]
7586,[]
7587,[]
7588,[]
7589,[]
7590,[]
7591,[]
7592,[]
7593,[]
7594,[]
7595,[]
7596,[4002]
7597,[]
7598,[]
7599,[]
7600,"[1249, 5977, 36]"
7601,[]
7602,"[228, 1203]"
7603,"[2761, 4815]"
7604,[]
7605,[]
7606,[]
7607,[]
7608,"[897, 368, 3997]"
7609,[5434]
7610,[]
7611,[]
7612,[]
7613,"[3481, 4237]"
7614,[2076]
7615,[]
7616,[]
7617,[]
7618,[]
7619,[]
7620,[]
7621,[]
7622,[]
7623,[]
7624,[]
7625,[]
7626,[3480]
7627,[]
7628,[]
7629,[]
7630,[1673]
7631,[]
7632,[4780]
7633,[]
7634,[]
7635,[]
7636,[]
7637,[]
7638,[]
7639,[]
7640,[]
7641,[]
7642,"[3061, 2023, 1318]"
7643,[]
7644,[]
7645,[]
7646,[]
7647,[]
7648,[]
7649,[]
7650,[]
7651,"[2761, 4815]"
7652,[2518]
7653,[]
7654,"[540, 2303, 5560, 886, 5332, 612]"
7655,[]
7656,"[4866, 237]"
7657,[]
7658,"[971, 2772]"
7659,[]
7660,[]
7661,[3143]
7662,[574]
7663,[]
7664,[]
7665,[]
7666,[]
7667,[]
7668,"[4109, 1751]"
7669,[]
7670,"[886, 540]"
7671,"[5500, 354]"
7672,[4191]
7673,[4078]
7674,"[196, 874]"
7675,[]
7676,[]
7677,[]
7678,[]
7679,[]
7680,[]
7681,[]
7682,[]
7683,[]
7684,[]
7685,"[3688, 256, 127]"
7686,[]
7687,[]
7688,"[1114, 1203, 228, 4148]"
7689,[]
7690,[]
7691,[]
7692,[]
7693,"[1080, 3170]"
7694,[4897]
7695,[]
7696,[]
7697,[]
7698,[]
7699,[]
7700,[1615]
7701,[]
7702,[]
7703,[]
7704,[2669]
7705,[5305]
7706,"[1655, 5734]"
7707,[]
7708,[]
7709,[]
7710,[]
7711,"[5263, 555, 4459]"
7712,[]
7713,[]
7714,[]
7715,[]
7716,[2210]
7717,[1691]
7718,"[5537, 5007]"
7719,[]
7720,[]
7721,[]
7722,[]
7723,[]
7724,[]
7725,[]
7726,[574]
7727,[671]
7728,[1923]
7729,"[492, 232, 2725]"
7730,[1974]
7731,[]
7732,[]
7733,[]
7734,[]
7735,[]
7736,[886]
7737,"[1208, 523, 4493]"
7738,[]
7739,[4366]
7740,[]
7741,[]
7742,[]
7743,[]
7744,[]
7745,[]
7746,[363]
7747,[]
7748,[]
7749,[]
7750,[]
7751,[]
7752,[]
7753,[2153]
7754,[]
7755,[]
7756,[]
7757,[]
7758,[2153]
7759,[4162]
7760,[]
7761,[]
7762,[1898]
7763,[]
7764,[]
7765,[]
7766,[]
7767,"[144, 4573]"
7768,[]
7769,[]
7770,[]
7771,[1732]
7772,[]
7773,[]
7774,[]
7775,[]
7776,[]
7777,[]
7778,[]
7779,[]
7780,"[2269, 3495, 4946]"
7781,[]
7782,[]
7783,[574]
7784,[1708]
7785,[2153]
7786,"[2077, 3730]"
7787,[]
7788,[]
7789,[]
7790,[]
7791,[]
7792,[664]
7793,[]
7794,"[540, 612]"
7795,[]
7796,[]
7797,"[5560, 612, 2303]"
7798,[]
7799,[]
7800,"[5436, 757]"
7801,[]
7802,[]
7803,[]
7804,[]
7805,[]
7806,[]
7807,[]
7808,[279]
7809,[]
7810,[]
7811,[5434]
7812,[]
7813,[]
7814,[]
7815,[4148]
7816,[5434]
7817,[2216]
7818,[]
7819,[]
7820,[]
7821,[]
7822,[]
7823,[]
7824,[3521]
7825,[]
7826,[3054]
7827,[3808]
7828,[]
7829,[]
7830,[5526]
7831,[]
7832,[]
7833,[]
7834,[]
7835,[]
7836,[4148]
7837,[]
7838,[]
7839,[]
7840,[]
7841,[]
7842,[]
7843,[]
7844,[]
7845,[]
7846,[]
7847,[]
7848,[]
7849,[]
7850,[3143]
7851,[]
7852,[]
7853,[]
7854,[]
7855,[]
7856,[2670]
7857,[]
7858,[]
7859,[5400]
7860,[]
7861,[]
7862,"[4038, 4024]"
7863,[]
7864,[]
7865,[2333]
7866,[5977]
7867,[]
7868,[]
7869,[]
7870,[]
7871,[]
7872,[]
7873,"[2303, 886, 540, 5560]"
7874,"[5712, 1059, 2989, 2352]"
7875,[]
7876,[]
7877,[]
7878,[]
7879,[]
7880,[4162]
7881,[]
7882,[1456]
7883,[]
7884,[]
7885,[]
7886,[]
7887,[]
7888,[1185]
7889,[574]
7890,[]
7891,[]
7892,[]
7893,[]
7894,"[3997, 4833]"
7895,[]
7896,[]
7897,[]
7898,[]
7899,[]
7900,[]
7901,[]
7902,[3995]
7903,[]
7904,[]
7905,[]
7906,[]
7907,[]
7908,"[792, 1673]"
7909,[]
7910,[4148]
7911,[]
7912,[]
7913,[]
7914,[]
7915,[]
7916,[]
7917,[]
7918,[]
7919,[451]
7920,[]
7921,[]
7922,[]
7923,[]
7924,[]
7925,[]
7926,[]
7927,[2153]
7928,[]
7929,[]
7930,[]
7931,[]
7932,[]
7933,[]
7934,[]
7935,[4542]
7936,[3654]
7937,[]
7938,[]
7939,"[612, 5560, 886, 2303, 540]"
7940,[3521]
7941,[]
7942,[]
7943,[]
7944,[2333]
7945,[]
7946,[]
7947,[]
7948,[451]
7949,[]
7950,[]
7951,"[5560, 612]"
7952,[27]
7953,[]
7954,[4886]
7955,[]
7956,"[1422, 5723]"
7957,[]
7958,[]
7959,[]
7960,[]
7961,[]
7962,[]
7963,"[5127, 201]"
7964,[]
7965,"[1185, 3143]"
7966,"[4833, 3997, 368, 897]"
7967,[]
7968,[]
7969,[]
7970,[]
7971,[]
7972,[1974]
7973,[]
7974,[]
7975,[3346]
7976,[]
7977,"[5263, 555]"
7978,[]
7979,[]
7980,[]
7981,[]
7982,[]
7983,"[3933, 844, 4993]"
7984,[]
7985,[]
7986,"[5341, 3590, 2694]"
7987,[]
7988,[]
7989,[]
7990,[]
7991,[]
7992,[1615]
7993,"[971, 3238]"
7994,[]
7995,[]
7996,[]
7997,[]
7998,[]
7999,[]
8000,[]
8001,[]
8002,[]
8003,[]
8004,[]
8005,[]
8006,[]
8007,[2877]
8008,[]
8009,[]
8010,[]
8011,[]
8012,[3300]
8013,"[555, 357]"
8014,[]
8015,[]
8016,[]
8017,[]
8018,[2770]
8019,[369]
8020,[]
8021,[]
8022,[354]
8023,[705]
8024,[451]
8025,[]
8026,[]
8027,[]
8028,[]
8029,[]
8030,[1098]
8031,[]
8032,[]
8033,[]
8034,[]
8035,[]
8036,[]
8037,"[1098, 2805]"
8038,[]
8039,[]
8040,[]
8041,[]
8042,[4119]
8043,[]
8044,[]
8045,[]
8046,[]
8047,[]
8048,[]
8049,[]
8050,[]
8051,[]
8052,[]
8053,[]
8054,[]
8055,[]
8056,[]
8057,"[757, 5436]"
8058,[]
8059,"[3238, 971]"
8060,[3215]
8061,[]
8062,[]
8063,[]
8064,"[897, 368]"
8065,[]
8066,[]
8067,"[3311, 4542]"
8068,[]
8069,[]
8070,[2670]
8071,[]
8072,[]
8073,[]
8074,[]
8075,[]
8076,[]
8077,[]
8078,[5986]
8079,[]
8080,"[4477, 650, 5526]"
8081,[]
8082,[]
8083,[2077]
8084,[]
8085,[]
8086,[1185]
8087,[2877]
8088,[1191]
8089,[]
8090,[]
8091,"[851, 1217]"
8092,[]
8093,[]
8094,[]
8095,[]
8096,[]
8097,[]
8098,[1987]
8099,[]
8100,[]
8101,"[4542, 3311]"
8102,[]
8103,[]
8104,[]
8105,[]
8106,[]
8107,[2548]
8108,[]
8109,[]
8110,[]
8111,[]
8112,[]
8113,[5336]
8114,"[3682, 3395]"
8115,"[4816, 2486, 3869]"
8116,[279]
8117,[]
8118,[]
8119,[]
8120,"[2805, 1098]"
8121,[4833]
8122,[]
8123,[]
8124,[]
8125,[]
8126,[5986]
8127,"[971, 3238]"
8128,[]
8129,[1759]
8130,[]
8131,[]
8132,[]
8133,"[2991, 617]"
8134,[2877]
8135,[]
8136,[]
8137,[1114]
8138,[574]
8139,[]
8140,"[5332, 2303, 5560]"
8141,[]
8142,[]
8143,[1732]
8144,[]
8145,[3808]
8146,[]
8147,"[971, 3238]"
8148,[]
8149,[]
8150,[]
8151,[]
8152,[168]
8153,[]
8154,[]
8155,[]
8156,[4672]
8157,[]
8158,[971]
8159,[]
8160,[]
8161,[]
8162,[1731]
8163,[]
8164,[]
8165,[]
8166,[]
8167,[4580]
8168,[]
8169,[238]
8170,[]
8171,[]
8172,[3528]
8173,[]
8174,[]
8175,[]
8176,"[705, 1691]"
8177,[]
8178,[]
8179,[]
8180,[]
8181,[]
8182,[]
8183,"[4459, 357, 5263, 555]"
8184,[1098]
8185,[]
8186,[792]
8187,[]
8188,[]
8189,[]
8190,[]
8191,[]
8192,[]
8193,[]
8194,[]
8195,"[5560, 2303, 5332, 612, 886]"
8196,[598]
8197,[]
8198,[]
8199,[]
8200,[]
8201,[451]
8202,[]
8203,[]
8204,[]
8205,"[5560, 540, 886, 2303, 5332]"
8206,[]
8207,[]
8208,[]
8209,[]
8210,[1897]
8211,[]
8212,[]
8213,[]
8214,[]
8215,[]
8216,[]
8217,"[1114, 1203, 228]"
8218,[5372]
8219,[]
8220,[451]
8221,"[3958, 3286]"
8222,[]
8223,[]
8224,[]
8225,"[2059, 2797]"
8226,[]
8227,[]
8228,[]
8229,[]
8230,[]
8231,[5986]
8232,"[740, 3286, 3958]"
8233,[]
8234,[2421]
8235,[]
8236,[2670]
8237,[3589]
8238,[]
8239,[]
8240,"[991, 1588]"
8241,"[886, 5332, 540]"
8242,[3415]
8243,[]
8244,[]
8245,[]
8246,[]
8247,[5120]
8248,[]
8249,[]
8250,[160]
8251,[]
8252,[]
8253,[574]
8254,[]
8255,[]
8256,[]
8257,[]
8258,[]
8259,[4247]
8260,[]
8261,[4507]
8262,"[2303, 5560, 612]"
8263,[4514]
8264,[]
8265,[]
8266,[925]
8267,[]
8268,[]
8269,[]
8270,[]
8271,[]
8272,[]
8273,[]
8274,[]
8275,[]
8276,[]
8277,[4148]
8278,[]
8279,[]
8280,[]
8281,[]
8282,[]
8283,[2333]
8284,[]
8285,[]
8286,[]
8287,[]
8288,[]
8289,[]
8290,[]
8291,[]
8292,[]
8293,[2103]
8294,[]
8295,[]
8296,"[4002, 3567]"
8297,[]
8298,[]
8299,[251]
8300,"[3238, 971]"
8301,"[5553, 5806, 253]"
8302,[734]
8303,"[3790, 1846, 4659]"
8304,"[5085, 215]"
8305,[]
8306,[]
8307,"[5263, 357]"
8308,[]
8309,[]
8310,[]
8311,[]
8312,[278]
8313,[]
8314,[]
8315,"[2805, 1098]"
8316,[5582]
8317,[]
8318,[]
8319,[]
8320,[]
8321,[3143]
8322,[]
8323,[]
8324,[]
8325,[]
8326,"[4989, 3054, 265]"
8327,[]
8328,[]
8329,[]
8330,[]
8331,[]
8332,[]
8333,[1745]
8334,[]
8335,[]
8336,[]
8337,[]
8338,[]
8339,[]
8340,[]
8341,[792]
8342,[4064]
8343,"[2797, 2059]"
8344,[]
8345,[]
8346,"[4648, 4065, 4921]"
8347,[]
8348,[]
8349,"[792, 1673]"
8350,[]
8351,[]
8352,[]
8353,[]
8354,"[1673, 792]"
8355,[]
8356,[]
8357,[2216]
8358,[]
8359,[]
8360,[]
8361,[]
8362,[]
8363,[]
8364,"[2089, 2621]"
8365,[]
8366,[]
8367,[]
8368,"[1884, 227]"
8369,[]
8370,[]
8371,"[278, 3749]"
8372,[5391]
8373,[]
8374,[1624]
8375,[]
8376,[]
8377,[]
8378,[424]
8379,[5628]
8380,[]
8381,[]
8382,[715]
8383,[]
8384,[]
8385,[498]
8386,[]
8387,[]
8388,[]
8389,[]
8390,[]
8391,[]
8392,[]
8393,[]
8394,[]
8395,[]
8396,[]
8397,[]
8398,[]
8399,[]
8400,[]
8401,[3730]
8402,[]
8403,[]
8404,[]
8405,[]
8406,[3614]
8407,[]
8408,[]
8409,[]
8410,[]
8411,[]
8412,[]
8413,[]
8414,[2320]
8415,[]
8416,[]
8417,[2333]
8418,[]
8419,[]
8420,[5227]
8421,[]
8422,[]
8423,[]
8424,[4625]
8425,[]
8426,[]
8427,[]
8428,[]
8429,[]
8430,[5712]
8431,[]
8432,[4119]
8433,"[5515, 3015]"
8434,"[5336, 4389]"
8435,"[2065, 777, 602, 1621]"
8436,"[1673, 792]"
8437,[]
8438,[3143]
8439,[500]
8440,[279]
8441,[]
8442,[]
8443,[]
8444,[]
8445,[]
8446,[]
8447,[]
8448,[]
8449,[]
8450,[]
8451,[]
8452,[5986]
8453,[]
8454,[]
8455,[]
8456,[]
8457,[]
8458,[]
8459,[]
8460,"[228, 1114, 4148]"
8461,[]
8462,[]
8463,[]
8464,[]
8465,[]
8466,[]
8467,[]
8468,[]
8469,[1147]
8470,[]
8471,"[705, 1691]"
8472,[]
8473,[]
8474,[]
8475,[]
8476,[4151]
8477,[]
8478,[]
8479,"[1123, 598]"
8480,[]
8481,[]
8482,"[2797, 2059]"
8483,[]
8484,[]
8485,[734]
8486,[]
8487,[]
8488,[1923]
8489,[]
8490,[]
8491,[]
8492,[]
8493,[]
8494,[1147]
8495,"[228, 4148, 1114]"
8496,[]
8497,[]
8498,[]
8499,[]
8500,"[228, 1203, 4148, 1114]"
8501,[]
8502,[792]
8503,[1732]
8504,[4473]
8505,[]
8506,[]
8507,[]
8508,[]
8509,[3024]
8510,[]
8511,[4625]
8512,[]
8513,[]
8514,[]
8515,[]
8516,[]
8517,[]
8518,"[5560, 540]"
8519,"[2772, 971]"
8520,[]
8521,[]
8522,[]
8523,[]
8524,[]
8525,[]
8526,[]
8527,[]
8528,[]
8529,[]
8530,[]
8531,[]
8532,[]
8533,"[5007, 5537]"
8534,[]
8535,[]
8536,[]
8537,"[4991, 440]"
8538,[]
8539,[]
8540,[]
8541,[]
8542,[]
8543,[]
8544,[]
8545,[]
8546,[]
8547,[]
8548,[466]
8549,[]
8550,[]
8551,[]
8552,[]
8553,[]
8554,[]
8555,[]
8556,[4366]
8557,[]
8558,[]
8559,[]
8560,[]
8561,[]
8562,[]
8563,[]
8564,[]
8565,[]
8566,[]
8567,[]
8568,"[1673, 792]"
8569,"[5436, 757]"
8570,[]
8571,[3808]
8572,[]
8573,[]
8574,[]
8575,[]
8576,[1147]
8577,[]
8578,[574]
8579,[1604]
8580,[]
8581,[]
8582,[]
8583,[]
8584,[]
8585,[]
8586,[]
8587,[]
8588,[]
8589,[]
8590,[422]
8591,[]
8592,[]
8593,[2076]
8594,[]
8595,[]
8596,[]
8597,[]
8598,[]
8599,[]
8600,[]
8601,[]
8602,[]
8603,[]
8604,[]
8605,[]
8606,[2877]
8607,[]
8608,[]
8609,[]
8610,[5567]
8611,[]
8612,[]
8613,[]
8614,"[3143, 1185]"
8615,[]
8616,[]
8617,[5582]
8618,[]
8619,[]
8620,[]
8621,[]
8622,[5986]
8623,[]
8624,[]
8625,[]
8626,[]
8627,[]
8628,[]
8629,[]
8630,[447]
8631,[]
8632,[]
8633,[]
8634,[]
8635,[]
8636,[]
8637,[]
8638,[2725]
8639,[]
8640,"[2303, 886, 5332, 612, 540]"
8641,[]
8642,[]
8643,[]
8644,[]
8645,[]
8646,[5263]
8647,[]
8648,[]
8649,[]
8650,[2059]
8651,[]
8652,[]
8653,[]
8654,[]
8655,[]
8656,[]
8657,[]
8658,[]
8659,[]
8660,[]
8661,[]
8662,[5986]
8663,[]
8664,[]
8665,[]
8666,[]
8667,[]
8668,"[5853, 2665, 149, 1985]"
8669,[]
8670,[]
8671,[]
8672,[279]
8673,[]
8674,[]
8675,[]
8676,[]
8677,[]
8678,[]
8679,"[924, 3698]"
8680,[]
8681,[]
8682,[]
8683,[]
8684,[612]
8685,"[991, 1588]"
8686,[]
8687,"[656, 1506]"
8688,[]
8689,[]
8690,[]
8691,[]
8692,[]
8693,[]
8694,[]
8695,[]
8696,[]
8697,[2423]
8698,[]
8699,[]
8700,[]
8701,[]
8702,[]
8703,[]
8704,[]
8705,[]
8706,[]
8707,[]
8708,[363]
8709,[]
8710,[]
8711,[]
8712,[]
8713,"[2216, 1827]"
8714,[]
8715,[]
8716,[]
8717,[708]
8718,[]
8719,[2969]
8720,[]
8721,[]
8722,[]
8723,[]
8724,[]
8725,[]
8726,[]
8727,[]
8728,[]
8729,[]
8730,[]
8731,[2333]
8732,[]
8733,[]
8734,[]
8735,"[280, 1974, 1944]"
8736,[]
8737,[]
8738,[]
8739,[]
8740,"[2764, 5400]"
8741,[]
8742,[]
8743,[]
8744,[3521]
8745,[5986]
8746,[]
8747,[]
8748,[]
8749,[]
8750,[]
8751,[]
8752,[3024]
8753,[]
8754,[]
8755,"[1604, 1263]"
8756,[]
8757,[568]
8758,[]
8759,[]
8760,[]
8761,[]
8762,[]
8763,[]
8764,[]
8765,[]
8766,[]
8767,[]
8768,"[82, 2074]"
8769,[4017]
8770,[]
8771,[]
8772,[4432]
8773,[]
8774,[5986]
8775,"[237, 143]"
8776,[]
8777,[]
8778,[]
8779,[]
8780,[1185]
8781,[]
8782,"[792, 1673]"
8783,[4060]
8784,[]
8785,[]
8786,[]
8787,[]
8788,[574]
8789,[]
8790,[2133]
8791,[]
8792,[]
8793,[]
8794,[977]
8795,[]
8796,"[2303, 5332]"
8797,[5986]
8798,[5986]
8799,[]
8800,[]
8801,[]
8802,[]
8803,[]
8804,[]
8805,[]
8806,[4896]
8807,"[1114, 4148, 1203, 228]"
8808,[]
8809,[]
8810,[]
8811,[]
8812,[]
8813,"[977, 1852, 1848, 256, 859]"
8814,[]
8815,[]
8816,[]
8817,[3143]
8818,[]
8819,[]
8820,"[792, 1673]"
8821,[]
8822,[]
8823,[574]
8824,[]
8825,[1923]
8826,[]
8827,"[2805, 1098]"
8828,[574]
8829,"[502, 1974]"
8830,[]
8831,[]
8832,[]
8833,[1114]
8834,[1624]
8835,[]
8836,[]
8837,[4897]
8838,[]
8839,[]
8840,[]
8841,[5687]
8842,[5986]
8843,[]
8844,[757]
8845,"[2303, 5560, 5332]"
8846,[]
8847,[]
8848,[]
8849,[]
8850,[]
8851,[]
8852,[]
8853,[]
8854,[]
8855,[]
8856,[]
8857,[]
8858,[]
8859,[]
8860,[2805]
8861,[]
8862,[]
8863,[]
8864,[5986]
8865,[]
8866,[1147]
8867,[]
8868,[]
8869,[]
8870,[]
8871,[]
8872,"[1080, 3170]"
8873,[]
8874,[]
8875,[4089]
8876,[]
8877,[]
8878,[]
8879,[]
8880,[]
8881,[]
8882,[]
8883,[]
8884,[]
8885,[]
8886,[]
8887,[932]
8888,[]
8889,[]
8890,[]
8891,[]
8892,[]
8893,[]
8894,[5986]
8895,[]
8896,[]
8897,[]
8898,[]
8899,[]
8900,[]
8901,[2333]
8902,[]
8903,[2076]
8904,[]
8905,[]
8906,[]
8907,[]
8908,[]
8909,[]
8910,[]
8911,[]
8912,[]
8913,[]
8914,[]
8915,[]
8916,[]
8917,[]
8918,"[228, 1114]"
8919,[]
8920,[]
8921,[]
8922,[]
8923,"[672, 1472]"
8924,[]
8925,[1409]
8926,[]
8927,[]
8928,[]
8929,[]
8930,"[792, 1673]"
8931,[]
8932,[]
8933,[5986]
8934,[]
8935,[]
8936,[]
8937,[2059]
8938,[]
8939,[]
8940,[]
8941,[]
8942,[]
8943,[5582]
8944,[5400]
8945,[]
8946,[]
8947,"[621, 4111, 3684, 4011, 5823]"
8948,[]
8949,[]
8950,[574]
8951,[4119]
8952,[]
8953,[]
8954,[5986]
8955,[]
8956,[3144]
8957,[]
8958,[]
8959,[]
8960,[]
8961,[]
8962,[]
8963,"[2589, 2394]"
8964,[]
8965,"[4365, 5025]"
8966,[2877]
8967,[]
8968,[]
8969,[]
8970,[]
8971,[]
8972,[]
8973,[2333]
8974,[]
8975,[5986]
8976,[]
8977,[]
8978,[3573]
8979,[]
8980,[]
8981,[]
8982,[]
8983,[]
8984,[]
8985,[]
8986,[4091]
8987,[]
8988,[]
8989,[]
8990,[574]
8991,[]
8992,[]
8993,[]
8994,[]
8995,[]
8996,[]
8997,[715]
8998,[]
8999,[]
9000,[]
9001,[502]
9002,[]
9003,[3024]
9004,[]
9005,"[1600, 932]"
9006,[2877]
9007,[]
9008,[]
9009,"[2805, 1098]"
9010,[]
9011,[]
9012,"[2059, 2797]"
9013,[]
9014,[]
9015,[]
9016,[]
9017,[]
9018,[4996]
9019,[]
9020,[]
9021,[]
9022,[]
9023,[]
9024,[]
9025,[]
9026,[5582]
9027,[193]
9028,[497]
9029,[]
9030,"[3607, 2561, 3543, 1390]"
9031,[]
9032,[]
9033,[]
9034,[]
9035,[]
9036,"[886, 5332, 2303, 612, 5560, 540]"
9037,[]
9038,[]
9039,[3378]
9040,[]
9041,[]
9042,[]
9043,[3238]
9044,[]
9045,[]
9046,[]
9047,[]
9048,[]
9049,[]
9050,[]
9051,[5986]
9052,[]
9053,[]
9054,[1147]
9055,[757]
9056,[]
9057,[]
9058,[]
9059,[]
9060,[]
9061,[]
9062,[]
9063,[]
9064,"[1600, 932]"
9065,[]
9066,[2177]
9067,[]
9068,[]
9069,[]
9070,[]
9071,[]
9072,[]
9073,[]
9074,[]
9075,[]
9076,[]
9077,"[540, 612]"
9078,[]
9079,[]
9080,[]
9081,[]
9082,[]
9083,[]
9084,[]
9085,"[1347, 1583]"
9086,[451]
9087,[]
9088,[]
9089,[]
9090,[]
9091,[]
9092,[]
9093,[]
9094,[]
9095,[]
9096,[]
9097,[850]
9098,[]
9099,[]
9100,[4148]
9101,[]
9102,[]
9103,[2085]
9104,[]
9105,[]
9106,[]
9107,[]
9108,[]
9109,[1250]
9110,[]
9111,[]
9112,[4091]
9113,[]
9114,[]
9115,[]
9116,[]
9117,[]
9118,[]
9119,"[2303, 5560, 5332]"
9120,[]
9121,"[1944, 1974, 502, 280]"
9122,[5436]
9123,[]
9124,[]
9125,[]
9126,[]
9127,"[3997, 368, 897]"
9128,[]
9129,"[2059, 2797]"
9130,[]
9131,[]
9132,[4091]
9133,[]
9134,[]
9135,"[1974, 1944, 280]"
9136,[]
9137,[]
9138,[]
9139,[3863]
9140,[]
9141,[]
9142,[]
9143,[]
9144,[]
9145,[]
9146,"[2059, 2797]"
9147,[]
9148,[]
9149,[]
9150,[]
9151,[1673]
9152,"[3372, 568]"
9153,[]
9154,[2320]
9155,[]
9156,[]
9157,[]
9158,[]
9159,"[534, 3247]"
9160,[]
9161,[]
9162,[1147]
9163,[]
9164,[]
9165,[]
9166,"[172, 839]"
9167,[]
9168,[]
9169,[]
9170,[3573]
9171,[4119]
9172,[]
9173,[]
9174,[1673]
9175,[]
9176,[]
9177,"[3005, 2707]"
9178,[4091]
9179,[]
9180,[]
9181,[671]
9182,[]
9183,[]
9184,[]
9185,[]
9186,[]
9187,"[2177, 4773]"
9188,[]
9189,"[5332, 2303, 5560, 612, 540]"
9190,[]
9191,[4111]
9192,[]
9193,[]
9194,[]
9195,[]
9196,[]
9197,[]
9198,[]
9199,[]
9200,[]
9201,[]
9202,[]
9203,[5986]
9204,[]
9205,[1373]
9206,[]
9207,[]
9208,[]
9209,[]
9210,[1147]
9211,[]
9212,[]
9213,[]
9214,[]
9215,[]
9216,[2059]
9217,"[1837, 3247]"
9218,"[4148, 228, 1203, 1114]"
9219,[3143]
9220,"[5682, 991, 350, 1588]"
9221,[]
9222,[]
9223,[]
9224,[]
9225,[]
9226,[]
9227,[1147]
9228,[]
9229,[]
9230,[]
9231,[]
9232,[757]
9233,[]
9234,[]
9235,[]
9236,[]
9237,[]
9238,[]
9239,[]
9240,[]
9241,[]
9242,[]
9243,[]
9244,[3808]
9245,[]
9246,[]
9247,[]
9248,[]
9249,[1944]
9250,[]
9251,[]
9252,"[1837, 3247]"
9253,[]
9254,[]
9255,[]
9256,[]
9257,[]
9258,[574]
9259,[]
9260,[]
9261,[]
9262,[]
9263,[]
9264,[]
9265,[]
9266,[]
9267,"[2177, 4773]"
9268,[]
9269,"[1098, 2805]"
9270,[]
9271,[]
9272,[]
9273,[]
9274,[4091]
9275,[]
9276,[]
9277,"[3247, 534, 1837]"
9278,[]
9279,"[2563, 3861]"
9280,[]
9281,[]
9282,[]
9283,[792]
9284,[]
9285,[]
9286,[]
9287,[]
9288,[4091]
9289,[]
9290,"[904, 745]"
9291,[]
9292,[4024]
9293,[]
9294,[]
9295,[]
9296,[]
9297,[]
9298,[]
9299,[4091]
9300,[]
9301,[]
9302,[]
9303,[]
9304,[]
9305,[]
9306,[]
9307,[]
9308,[3247]
9309,[]
9310,"[143, 237, 3907]"
9311,[]
9312,[]
9313,[2721]
9314,[]
9315,[3170]
9316,[]
9317,[]
9318,[]
9319,[]
9320,[]
9321,[]
9322,[]
9323,[]
9324,"[262, 2589, 2394]"
9325,[]
9326,[2877]
9327,[]
9328,[]
9329,[]
9330,[1985]
9331,[2670]
9332,[]
9333,[]
9334,[]
9335,[]
9336,[]
9337,[]
9338,[]
9339,[]
9340,[]
9341,[]
9342,[598]
9343,[]
9344,[]
9345,[]
9346,[]
9347,[]
9348,[]
9349,[]
9350,[]
9351,[]
9352,[3247]
9353,[]
9354,[]
9355,[1600]
9356,[]
9357,[]
9358,[]
9359,[4193]
9360,[]
9361,"[1462, 2989]"
9362,[]
9363,[]
9364,[]
9365,[]
9366,"[897, 368, 4833]"
9367,"[971, 3238]"
9368,[]
9369,[4091]
9370,[]
9371,[]
9372,[]
9373,[]
9374,[]
9375,[2408]
9376,[]
9377,[]
9378,[]
9379,[]
9380,[]
9381,[]
9382,"[2805, 1098]"
9383,[]
9384,[]
9385,[]
9386,[]
9387,[]
9388,[]
9389,[]
9390,"[2216, 1827]"
9391,[]
9392,"[5161, 2661, 4365]"
9393,[]
9394,[]
9395,[]
9396,[]
9397,[728]
9398,[]
9399,[]
9400,[]
9401,[5640]
9402,[]
9403,[]
9404,[]
9405,[]
9406,[]
9407,[]
9408,"[5560, 5332, 886, 2303, 612]"
9409,[]
9410,[]
9411,[]
9412,[]
9413,[]
9414,[]
9415,[]
9416,[]
9417,[]
9418,[]
9419,[]
9420,[]
9421,[]
9422,[]
9423,"[3247, 534, 1837]"
9424,[1600]
9425,[]
9426,[]
9427,[]
9428,[]
9429,[]
9430,[]
9431,[]
9432,[]
9433,"[2797, 2059]"
9434,[]
9435,[2184]
9436,[]
9437,[502]
9438,[]
9439,[]
9440,[]
9441,[4091]
9442,[4247]
9443,[]
9444,[]
9445,[]
9446,[]
9447,[]
9448,[]
9449,[]
9450,[]
9451,[]
9452,[]
9453,[]
9454,[]
9455,"[1185, 3143]"
9456,[]
9457,[]
9458,[]
9459,[]
9460,"[1203, 4148, 228, 1114]"
9461,[]
9462,"[149, 5372, 2665]"
9463,[]
9464,[]
9465,[]
9466,[]
9467,[]
9468,"[534, 3247, 1837]"
9469,[]
9470,[]
9471,[]
9472,[]
9473,[]
9474,[]
9475,[1194]
9476,[]
9477,[]
9478,[]
9479,[]
9480,[]
9481,[]
9482,[]
9483,[]
9484,[]
9485,[]
9486,[4091]
9487,[]
9488,"[3247, 534, 1837]"
9489,[]
9490,[]
9491,[]
9492,[]
9493,[]
9494,[]
9495,[]
9496,[]
9497,[3247]
9498,[]
9499,"[4064, 260, 3961]"
9500,[]
9501,"[612, 2303, 886, 5332, 5560, 540]"
9502,"[4774, 3741]"
9503,[2244]
9504,[]
9505,[]
9506,[]
9507,[]
9508,[]
9509,[]
9510,[]
9511,[]
9512,[]
9513,[]
9514,[]
9515,[]
9516,[]
9517,[4091]
9518,[]
9519,[574]
9520,[4091]
9521,[]
9522,[]
9523,[]
9524,[]
9525,[]
9526,[]
9527,[]
9528,[]
9529,[]
9530,[]
9531,[]
9532,[2333]
9533,[]
9534,[]
9535,[]
9536,[]
9537,[]
9538,[]
9539,[]
9540,[]
9541,[]
9542,[]
9543,[5986]
9544,[3808]
9545,"[502, 1974, 280]"
9546,[]
9547,[1110]
9548,[4091]
9549,[]
9550,[]
9551,[]
9552,"[1276, 5537]"
9553,[]
9554,[]
9555,"[2694, 3590, 5341]"
9556,[]
9557,[]
9558,[]
9559,[]
9560,[]
9561,[]
9562,[]
9563,[]
9564,[]
9565,"[1837, 3247]"
9566,[]
9567,[]
9568,[]
9569,[]
9570,[]
9571,[5434]
9572,[]
9573,[]
9574,[]
9575,[4091]
9576,[]
9577,[]
9578,[2597]
9579,[]
9580,[]
9581,[]
9582,[]
9583,[3550]
9584,[]
9585,[]
9586,[]
9587,[]
9588,[]
9589,[]
9590,[]
9591,[]
9592,[]
9593,[]
9594,[]
9595,[]
9596,[]
9597,[]
9598,[]
9599,[4780]
9600,[]
9601,[]
9602,[]
9603,"[2797, 2059]"
9604,[]
9605,[]
9606,[3859]
9607,[]
9608,[]
9609,[]
9610,[]
9611,[]
9612,"[4665, 1376, 4527]"
9613,[]
9614,[]
9615,[]
9616,[]
9617,[]
9618,[]
9619,[]
9620,[]
9621,[]
9622,"[5146, 3897, 3222, 774]"
9623,[792]
9624,[]
9625,[]
9626,[]
9627,[]
9628,[3398]
9629,[]
9630,[]
9631,[]
9632,[]
9633,[]
9634,[]
9635,[]
9636,[]
9637,[]
9638,[]
9639,[]
9640,[]
9641,"[897, 368, 4833]"
9642,[4091]
9643,"[534, 3247, 1837]"
9644,[]
9645,[534]
9646,[]
9647,[]
9648,[]
9649,[]
9650,[]
9651,[5305]
9652,"[859, 256, 977, 1848, 1852]"
9653,[]
9654,[1051]
9655,[]
9656,[]
9657,[]
9658,[]
9659,[]
9660,[]
9661,[4091]
9662,[1185]
9663,[]
9664,"[3398, 159]"
9665,[]
9666,[]
9667,[]
9668,[]
9669,[]
9670,[]
9671,[]
9672,[]
9673,[]
9674,[]
9675,[534]
9676,[]
9677,[]
9678,[]
9679,[2333]
9680,[]
9681,[]
9682,[]
9683,[]
9684,[]
9685,[]
9686,[]
9687,[]
9688,[]
9689,"[540, 5332]"
9690,[]
9691,[]
9692,"[3057, 4384]"
9693,[5847]
9694,[]
9695,[]
9696,[502]
9697,"[1456, 774]"
9698,[]
9699,[1691]
9700,[]
9701,[]
9702,[]
9703,[]
9704,[]
9705,[]
9706,[]
9707,[]
9708,[4825]
9709,[3590]
9710,[]
9711,"[1098, 2805]"
9712,[]
9713,[]
9714,[]
9715,[]
9716,[]
9717,[]
9718,[]
9719,[]
9720,[]
9721,[]
9722,[]
9723,[]
9724,[4002]
9725,[]
9726,[]
9727,[]
9728,"[1851, 5216]"
9729,[]
9730,[]
9731,[883]
9732,[]
9733,[]
9734,[5747]
9735,[]
9736,[]
9737,[]
9738,[]
9739,[5747]
9740,[]
9741,[5434]
9742,[]
9743,[]
9744,[5747]
9745,[]
9746,[]
9747,[5986]
9748,[4091]
9749,[]
9750,[]
9751,[2076]
9752,[]
9753,[]
9754,[]
9755,[574]
9756,[598]
9757,[]
9758,[]
9759,[]
9760,[5747]
9761,[]
9762,[]
9763,[]
9764,[]
9765,[]
9766,[]
9767,[]
9768,[]
9769,[]
9770,[]
9771,[]
9772,"[1974, 1944]"
9773,[]
9774,[]
9775,[]
9776,[]
9777,[5747]
9778,[]
9779,[]
9780,[]
9781,[]
9782,[]
9783,[]
9784,[]
9785,[5747]
9786,[]
9787,[]
9788,[]
9789,[]
9790,[]
9791,[]
9792,[]
9793,[]
9794,[5747]
9795,[]
9796,[]
9797,"[1561, 2639]"
9798,[]
9799,[]
9800,[]
9801,[]
9802,[]
9803,"[2059, 2797]"
9804,[]
9805,[]
9806,[]
9807,[]
9808,[]
9809,[]
9810,[]
9811,[1974]
9812,[]
9813,[]
9814,[]
9815,[5747]
9816,[]
9817,[]
9818,[]
9819,[]
9820,[]
9821,[]
9822,[]
9823,[5747]
9824,[2606]
9825,[]
9826,[]
9827,[]
9828,[]
9829,[]
9830,[2486]
9831,[]
9832,[]
9833,[1592]
9834,[]
9835,[5747]
9836,[]
9837,[]
9838,[]
9839,[]
9840,[]
9841,[]
9842,[]
9843,[]
9844,[]
9845,[]
9846,[]
9847,[]
9848,[]
9849,[]
9850,[]
9851,[]
9852,[]
9853,[]
9854,[257]
9855,[159]
9856,[]
9857,[]
9858,[]
9859,[]
9860,[]
9861,[]
9862,[]
9863,[792]
9864,[]
9865,[]
9866,[854]
9867,[2085]
9868,[]
9869,[]
9870,[]
9871,[]
9872,[]
9873,[5747]
9874,[]
9875,[]
9876,[]
9877,"[2486, 4685]"
9878,[]
9879,"[4685, 2486]"
9880,[]
9881,[]
9882,[]
9883,[]
9884,[]
9885,[]
9886,[]
9887,[2177]
9888,[]
9889,[]
9890,"[540, 5560, 886, 2303, 5332, 612]"
9891,"[1376, 4527]"
9892,[]
9893,[]
9894,[]
9895,[]
9896,[]
9897,[]
9898,[]
9899,"[534, 3247]"
9900,[5305]
9901,[]
9902,[]
9903,[]
9904,[]
9905,"[3170, 1080]"
9906,[]
9907,[3808]
9908,[]
9909,[]
9910,[]
9911,[]
9912,[]
9913,"[2486, 4685]"
9914,[]
9915,[]
9916,[]
9917,[]
9918,[]
9919,[]
9920,"[357, 5263, 4459]"
9921,[]
9922,[]
9923,[]
9924,[]
9925,[]
9926,[]
9927,[]
9928,[]
9929,[]
9930,"[2270, 2729, 5810, 5101]"
9931,"[4685, 2486]"
9932,[]
9933,[]
9934,[]
9935,[]
9936,"[3997, 897]"
9937,[]
9938,[]
9939,[]
9940,[]
9941,[]
9942,[]
9943,[]
9944,[]
9945,[]
9946,[4089]
9947,[]
9948,[]
9949,[]
9950,[]
9951,[]
9952,"[4459, 555, 5263]"
9953,[]
9954,[5434]
9955,"[2388, 1385]"
9956,[]
9957,[]
9958,[]
9959,[]
9960,[]
9961,[]
9962,[]
9963,[]
9964,[]
9965,[]
9966,[]
9967,[]
9968,[]
9969,[]
9970,[]
9971,[]
9972,[]
9973,[4886]
9974,[]
9975,[]
9976,[]
9977,[5986]
9978,[5305]
9979,[]
9980,[2034]
9981,[]
9982,"[4527, 1376, 4665]"
9983,[]
9984,[]
9985,[]
9986,[89]
9987,[]
9988,[]
9989,[]
9990,"[3247, 534]"
9991,[]
9992,[]
9993,"[1396, 700, 5373]"
9994,"[5560, 540, 612, 886]"
9995,[]
9996,[]
9997,[]
9998,[4091]
9999,[]
